date,name,position,team,opp,evG/60,evA/60,evSH/60,evBkS/60,evixG/60,mean_TOI,lmevixG/60,pplmevixG/60,implied_team_score,ppg_projection,salary,TOI,FP/60,FP,value
21_02_02,Adam Gaudette,C,VAN,MTL,1.2532637075718,1.0443864229765,7.3107049608355,2.7154046997389,0.7874673629242811,11.004444444444461,0.7743007008027706,0.8289084238798949,2.8,6.4,3200,7.4,25.945945945945947,3.2,1.0
21_02_02,Adam Lowry,C,WPG,CGY,0.6752954417557698,0.8441193021947124,7.4282498593134685,1.5194147439504821,0.7141249296567268,15.326666666666627,0.4786208442938067,0.7708512396572416,2.9,7.6,4200,16.9,34.082840236686394,9.6,2.2857142857142856
21_02_02,Adrian Kempe,W,LAK,ANA,0.4688517473410037,0.9377034946820074,8.751899283698735,1.406555242023011,0.7814195789016728,16.84666666666664,0.61662365751749,0.6878628974385771,2.8,9.8,4400,15.866666666666667,6.050420168067226,1.6,0.36363636363636365
21_02_02,Alex Chiasson,W,EDM,OTT,0.4020100502512577,0.4020100502512577,4.020100502512577,0.6030150753768865,0.3798994974874386,13.124999999999968,0.6484856966972398,0.0,3.9,2.8,3500,9.85,0.0,0.0,0.0
21_02_02,Alex Iafallo,W,LAK,ANA,0.7563025210084002,1.260504201680667,6.680672268907535,2.2689075630252002,0.49537815126050205,20.30833333333339,0.7596443713380754,0.7832100399856339,2.8,12.0,4600,19.6000000000003,19.59183673469358,6.4,1.3913043478260871
21_02_02,Alexander Radulov,W,DAL,CBJ,0.6038748637087981,0.6038748637087981,5.4348737733791825,2.113562022980793,0.6778495345131259,16.35944444444445,0.7407357909755633,0.8105339933502989,2.5,12.3,6300,16.2333333333333,81.68377823408642,22.1,3.507936507936508
21_02_02,Alexandre Texier,C,CBJ,DAL,1.1001964636542263,1.2573673870334017,6.9155206286837085,1.4145383104125768,0.5170923379174863,13.936111111111074,0.8091890039066567,0.7609456839200969,2.5,9.2,4500,16.933333333333,17.007874015748367,4.800000000000001,1.0666666666666667
21_02_02,Andre Burakovsky,W,COL,MIN,1.091712515704198,2.0274661005935104,5.302603647706104,2.183425031408396,0.4897110427587403,14.998888888888894,0.7499184705608398,0.5519869585789905,3.0,9.9,5400,14.79999999999967,25.945945945946526,6.4,1.1851851851851851
21_02_02,Andrei Svechnikov,W,CAR,CHI,1.117058412846172,1.396323016057715,8.657202699557834,1.2566907144519435,1.0709797533162677,17.061111111111114,0.7954971128910574,0.9105307647280924,3.1,14.2,7000,17.6499999999997,73.42776203966132,21.6,3.085714285714286
21_02_02,Andrew Cogliano,W,DAL,CBJ,0.5293858144208592,0.7058477525611455,6.176167834910024,1.764619381402864,0.5099750012254277,12.932777777777828,0.49536806418228363,0.0,2.5,4.7,3100,14.716666666667,45.662514156284345,11.2,3.6129032258064515
21_02_02,Andrew Copp,W,WPG,CGY,0.8133142555915344,1.4910761352511461,8.67535205964303,1.3555237593192238,0.9041343474659223,18.58000000000001,0.9320449845167396,0.7075147670541765,2.9,10.6,4600,23.683333333333,32.427867698804114,12.8,2.7826086956521743
21_02_02,Andrew Mangiapane,W,CGY,WPG,1.4274951425512485,0.9992465997858742,7.708473769776743,1.8557436853166231,0.9392918037987215,15.652777777777803,0.8839870447626521,0.7855938774472889,3.1,9.3,3800,13.0,0.0,0.0,0.0
21_02_02,Andrew Shaw,W,CHI,CAR,0.0,1.0711097887533438,6.426658732520063,1.7851829812555728,0.42665873252008185,14.539444444444477,0.9162615793818226,0.7604800093047365,2.4,8.3,3900,15.683333333333632,24.48459086078593,6.4,1.6410256410256412
21_02_02,Anze Kopitar,C,LAK,ANA,0.3536114203392067,1.7680571016960334,5.186300831641698,2.2395389954816425,0.7378691637744781,21.91722222222214,0.6383988650810875,0.7023797024809753,2.8,14.7,7300,20.7666666666663,4.622792937399761,1.6,0.21917808219178084
21_02_02,Artturi Lehkonen,W,MTL,VAN,0.34141021385556586,0.6828204277111317,8.023140025605798,2.219166390061178,0.6077101806629074,14.446111111111064,0.4910943054574036,0.0,3.7,5.7,3200,15.63333333333337,24.562899786780328,6.4,2.0
21_02_02,Austin Wagner,W,LAK,ANA,0.36389366218538366,0.36389366218538366,8.733447892449208,1.819468310926918,0.7914687152532094,11.117777777777777,0.7094676960585121,0.0,2.8,6.5,3000,9.7,9.896907216494848,1.6,0.5333333333333333
21_02_02,Austin Watson,W,OTT,EDM,0.8110391439031294,0.8110391439031294,5.880033793297689,4.055195719515647,0.49878907350042473,11.081666666666619,0.6323672359097348,0.0,2.6,6.9,3300,13.099999999999628,65.95419847328431,14.4,4.363636363636364
21_02_02,Barrett Hayton,W,ARI,STL,0.41894620122450876,0.622522203352679,6.3021871874337965,0.8709069987107089,0.5939806311544479,11.250043018937557,0.8293252607967807,0.7246356361951154,2.5,5.8,3500,8.15,23.55828220858896,3.2,0.9142857142857144
21_02_02,Blake Comeau,W,DAL,CBJ,0.4619135195244002,0.9238270390488004,4.773106368418801,1.6936829049228004,0.38646764466874817,14.959444444444442,0.5284580610487892,0.0,2.5,4.1,3200,14.833333333333,38.83146067415817,9.6,3.0
21_02_02,Blake Wheeler,W,WPG,CGY,1.0041490882465718,1.5062236323698577,7.0290436177260025,2.3848540845856077,0.5874272166242446,19.373888888888928,0.8238147372385354,0.8476307840781595,2.9,13.8,6200,13.233333333332968,14.508816120907202,3.2,0.5161290322580645
21_02_02,Bo Horvat,C,VAN,MTL,0.26274495493194155,1.182352297193737,6.56862387329854,2.890194504251357,0.5583330292303758,19.075555555555574,0.8049362276794658,0.749740671947874,2.8,11.4,6500,22.950000000000333,12.549019607842956,4.800000000000001,0.7384615384615385
21_02_02,Boone Jenner,C,CBJ,DAL,0.7986098273375966,0.7986098273375966,8.917809738603161,4.924760601915178,0.7693274670018846,17.82333333333335,0.5731484662393632,0.6018334639812034,2.5,9.7,4300,15.8666666666663,18.151260504202103,4.800000000000001,1.116279069767442
21_02_02,Brady Tkachuk,W,OTT,EDM,1.1476745421699563,1.1476745421699563,11.731784208848445,2.040310297191034,1.3670078991179928,19.1072222222222,0.622938228295171,0.5765045294165941,2.6,12.8,6500,20.4666666666663,14.071661237785271,4.800000000000001,0.7384615384615385
21_02_02,Brandon Hagel,W,CHI,CAR,0.3601880636479925,0.6524197507916016,5.836712661455645,2.1104295224656506,0.5666383541754195,11.141430344390692,0.7526047601548842,0.0,2.4,5.9,3000,11.916666666666671,16.111888111888106,3.2,1.0666666666666667
21_02_02,Brandon Saad,W,COL,MIN,1.7619707969655005,0.8809853984827503,7.488375887103377,0.7341544987356251,0.6196263969328677,16.313333333333286,0.6849607934737761,0.4870292814919268,3.0,7.5,5000,15.449999999999669,12.427184466019684,3.2,0.64
21_02_02,Brandon Sutter,C,VAN,MTL,0.673432165739136,0.5050741243043521,7.071037740260928,1.851938455782624,0.6717485853247881,14.968333333333382,0.8321600896025171,0.0,2.8,5.4,3500,12.433333333333,23.163538873995265,4.800000000000001,1.3714285714285717
21_02_02,Brayden Schenn,C,STL,ARI,1.2909703794018548,1.2909703794018548,5.551172631427976,1.8073585311625968,0.4996055368285177,18.24888888888883,0.8290674312087718,0.5297479553860233,3.0,12.0,6100,20.18333333333329,9.512799339388952,3.2,0.5245901639344263
21_02_02,Brendan Gallagher,W,MTL,VAN,1.286224692338226,0.8574831282254841,14.434299325128983,0.8574831282254841,1.231917427550612,15.942222222222261,0.6981194845477837,0.6283820950289246,3.7,11.6,7200,14.916666666667,38.61452513966394,9.6,1.3333333333333333
21_02_02,Brock Boeser,W,VAN,MTL,1.3425599801102133,1.0442133178634994,8.801226536278064,1.0442133178634994,0.8070277213773617,17.561666666666767,0.7210971472331302,0.6668424412322121,2.8,11.8,7200,20.71666666666633,37.07160096540687,12.8,1.777777777777778
21_02_02,Brock McGinn,W,CAR,CHI,0.544409718721645,0.7258796249621933,6.53291662465974,1.633229156164935,0.5716302046577273,13.936666666666673,1.0451718872203277,0.0,3.1,7.5,3300,16.25000000000033,17.723076923076565,4.800000000000001,1.4545454545454546
21_02_02,Cam Atkinson,W,CBJ,DAL,1.157044714957214,0.578522357478607,10.268771845245277,1.8801976618054737,0.9285283837531646,16.78666666666665,0.6034709809888177,0.6238003353082041,2.5,10.9,5900,19.4333333333337,4.939965694682583,1.6,0.2711864406779661
21_02_02,Carl Grundstrom,W,LAK,ANA,0.5163220940870462,0.9173507038876549,5.667433586654059,1.542299318863137,0.5793066865940251,11.690601624516821,0.691037970128898,0.0,2.8,4.7,3100,15.15,0.0,0.0,0.0
21_02_02,Carl Soderberg,C,CHI,CAR,0.33018435293038645,0.6603687058607729,9.905530587911594,3.3018435293038646,0.9162615793818226,14.66055555555554,0.42665873252008185,0.0,2.4,5.0,3200,13.91666666666667,13.79640718562874,3.2,1.0
21_02_02,Carter Rowney,W,ANA,LAK,0.36590943741423965,1.8295471870711983,2.3784113431925578,3.6590943741423967,0.38054581491080924,13.85055555555556,0.7365319874573992,0.0,2.7,3.5,3300,14.6999999999997,52.24489795918473,12.8,3.8787878787878793
21_02_02,Cedric Paquette,W,OTT,EDM,0.8326105810928056,0.2081526452732014,4.995663486556834,4.995663486556834,0.6619254119687803,11.391666666666618,0.550799066675557,0.0,2.6,2.4,3200,9.65,84.55958549222797,13.6,4.25
21_02_02,Chris Tierney,C,OTT,EDM,0.5568876169850735,1.113775233970147,6.125763786835806,2.50599427643283,0.54992652177276,17.352777777777753,0.6217054263565901,0.0,2.6,6.5,4400,15.533333333333369,6.1802575107296,1.6,0.36363636363636365
21_02_02,Christian Dvorak,C,ARI,STL,1.0065505671832549,0.8627576290142184,6.902061032113747,1.5817223198594001,0.9662885444959245,17.690555555555573,0.5813261335186497,0.7217691270456289,2.5,10.5,4700,20.3666666666666,109.88543371522132,37.3,7.936170212765957
21_02_02,Clayton Keller,W,ARI,STL,1.0614101592115188,0.9097801364670162,8.339651250947647,1.0614101592115188,0.8172858225928695,15.720000000000065,0.8377195092343206,0.6502005723823082,2.5,9.9,5300,16.233333333332965,5.913757700205473,1.6,0.30188679245283023
21_02_02,Colin White,C,OTT,EDM,0.6282174330337674,1.099380507809093,6.282174330337674,2.5128697321350697,0.8496640781781704,14.806666666666656,0.5739700947597233,0.6430042421082982,2.6,9.5,3800,15.8999999999997,12.075471698113436,3.2,0.8421052631578948
21_02_02,Connor Brown,W,OTT,EDM,0.6871540370299668,1.099446459247947,8.383279251765593,1.3743080740599336,0.7105172742889856,19.48777777777779,0.9511835407096747,0.7125776440528906,2.6,10.1,4400,20.49999999999969,9.365853658536723,3.2,0.7272727272727273
21_02_02,Connor McDavid,C,EDM,OTT,1.5274151436031382,1.8798955613577084,9.281984334203687,0.5874673629242839,0.9152741514360343,21.340555555555515,0.8271235055687851,0.6869884222541515,3.9,24.5,9000,19.983333333333704,52.84403669724673,17.6,1.955555555555556
21_02_02,Conor Garland,W,ARI,STL,1.2089157536834132,1.5111446921042666,10.88024178315072,0.7555723460521333,0.945976577257271,16.254444444444452,0.7733741319021199,0.728539782791847,2.5,11.7,4800,17.90000000000033,58.99441340782015,17.6,3.666666666666667
21_02_02,Corey Perry,W,MTL,VAN,0.3428408171039493,0.6856816342078986,5.9997142993191135,2.9141469453835693,0.709680491405175,13.77555555555548,0.8762111199242982,0.8024610737440702,3.7,7.7,3500,11.81666666666633,24.37235543018405,4.800000000000001,1.3714285714285717
21_02_02,Danton Heinen,W,ANA,LAK,0.7969185814849266,0.6375348651879412,7.49103466595831,2.7095231770487502,0.8319829990702634,14.522777777777756,0.7001329787234053,0.0,2.7,8.0,3600,14.9,67.6510067114094,16.8,4.666666666666667
21_02_02,David Backes,W,ANA,LAK,0.30185843601943857,1.1940635126252734,10.140329923769489,2.630276204368888,0.7680480735590006,10.124751020478742,0.5427808581333035,0.0,2.7,4.7,3000,13.93333333333333,106.79425837320576,24.8,8.266666666666667
21_02_02,David Kampf,W,CHI,CAR,0.19409100711667007,0.38818201423334014,5.046366185033422,1.1645460427000205,0.4502911365106745,12.718888888888896,0.5923175441988051,0.0,2.4,4.0,3100,11.0166666666666,8.714069591528041,1.6,0.5161290322580645
21_02_02,David Perron,W,STL,ARI,0.8218865339979428,0.8218865339979428,6.7120733609832,1.2328298009969143,0.4205319432289475,17.25111111111115,0.583876405930486,0.5561058199192134,3.0,11.4,6400,16.733333333333,11.4741035856576,3.2,0.5
21_02_02,Denis Gurianov,W,DAL,CBJ,1.4050151234266723,0.5268806712850022,8.254463850131701,1.2293882329983385,0.9290662503658872,13.999444444444471,0.6804441527793847,0.7267950880660451,2.5,8.9,5600,16.8000000000003,61.78571428571318,17.3,3.0892857142857144
21_02_02,Derek Ryan,C,CGY,WPG,0.37662813202908324,0.7532562640581665,4.896165716378082,2.2597687921744996,0.5348119474812981,12.677777777777806,0.3820410887301695,0.0,3.1,2.6,3200,9.05,10.607734806629836,1.6,0.5
21_02_02,Derek Stepan,C,OTT,EDM,0.4555232190307475,0.7592053650512458,8.047576869543205,3.7960268252562295,0.6028090598506892,16.390000000000004,0.5803572427346025,0.0,2.6,4.2,4500,16.1666666666666,53.44329896907238,14.4,3.2
21_02_02,Derick Brassard,W,ARI,STL,0.3549770743972796,1.597396834787758,5.857121727555113,0.887442685993199,0.48986836266824585,13.233333333333297,0.8195362244324891,0.880575854321522,2.5,7.2,4100,17.16666666666633,5.592233009708848,1.6,0.3902439024390244
21_02_02,Dillon Dube,W,CGY,WPG,0.34791012321816844,1.0437303696545055,6.958202464363368,1.565595554481758,0.6801642908915194,12.7238888888889,0.8405288106898061,0.8719697150830229,3.1,6.5,3700,19.2500000000003,34.90909090909037,11.2,3.0270270270270268
21_02_02,Dominik Kahun,W,EDM,OTT,0.6090855257592441,1.2181710515184883,7.765840453430363,2.5886134844767876,0.6227899500888271,13.71833333333329,0.7521884485616082,0.7021332287440463,3.9,9.7,3900,16.866666666666344,11.383399209486385,3.2,0.8205128205128206
21_02_02,Dominik Kubalik,W,CHI,CAR,1.0436943466556248,0.8945951542762498,7.604058811348123,0.5963967695174998,0.9020501138952184,16.172777777777732,0.5848988802949847,0.6020162155130243,2.4,10.1,5500,15.933333333333302,86.23430962343112,22.9,4.163636363636363
21_02_02,Drake Batherson,W,OTT,EDM,0.31007751937984557,0.4651162790697684,6.976744186046525,1.8604651162790735,0.6217054263565901,16.161666666666644,0.54992652177276,0.8249386870037284,2.6,8.5,4100,16.1666666666666,11.876288659793865,3.2,0.7804878048780488
21_02_02,Drake Caggiula,W,ARI,STL,0.7049838441202362,1.4099676882404724,7.5785763242925395,2.1149515323607084,0.8019191226867687,12.47777777777782,0.410741399505447,0.0,2.5,7.0,3500,12.9,59.53488372093023,12.8,3.6571428571428575
21_02_02,Dustin Brown,W,LAK,ANA,1.059446733372569,0.9270158917009977,9.005297233666836,0.9270158917009977,0.8303413772807509,17.873333333333374,0.5655206247855351,0.6715556313122176,2.8,9.2,5100,18.816666666667,0.0,0.0,0.0
21_02_02,Dylan Strome,C,CHI,CAR,0.4699943426606883,0.9399886853213766,7.049915139910323,2.976630836851025,0.6031594064145499,15.063333333333397,0.734344234035319,0.7016464513399138,2.4,9.9,5300,20.716666666666303,44.02252614642072,15.2,2.8679245283018866
21_02_02,Elias Lindholm,C,CGY,WPG,1.2071535022354623,1.0730253353204111,7.108792846497722,1.3412816691505136,0.6773472429210093,20.15333333333342,0.8419373346750612,0.9238948226613024,3.1,13.7,5800,20.51666666666667,32.75385865150284,11.2,1.9310344827586206
21_02_02,Elias Pettersson,C,VAN,MTL,0.9659243359270212,1.241902717620456,5.65755682471541,1.7938594810073254,0.7575606577484781,18.293333333333297,0.745830679047572,0.68333146244184,2.8,12.6,6700,19.8499999999997,61.964735516373736,20.5,3.0597014925373136
21_02_02,Eric Robinson,W,CBJ,DAL,0.7518796992481188,0.7518796992481188,8.834586466165396,1.5037593984962376,0.6898496240601489,11.043888888888912,0.7228103608353255,0.0,2.5,5.3,3400,7.88333333333333,97.4207188160677,12.8,3.764705882352941
21_02_02,Evgenii Dadonov,W,OTT,EDM,0.30612244897959134,0.45918367346938704,6.734693877551009,1.3775510204081611,0.5724489795918359,16.966111111111115,0.7125776440528906,0.8413575025919798,2.6,11.5,4700,15.2333333333333,18.90590809628013,4.800000000000001,1.021276595744681
21_02_02,Gabriel Landeskog,W,COL,MIN,1.1017035601346572,1.5913495868611718,6.855044374171201,2.325818626950943,0.8752422727736444,20.560555555555474,0.6913219670694755,0.7857662556291437,3.0,12.8,6600,21.93333333333329,4.376899696048639,1.6,0.24242424242424246
21_02_02,Gabriel Vilardi,C,LAK,ANA,0.8897768576346944,0.7765191001541283,5.90454233412645,1.6105327567383816,0.5517345629770453,12.564428106270176,0.704824031937388,0.7094676960585121,2.8,8.1,3500,16.633333333333,11.543086172344925,3.2,0.9142857142857144
21_02_02,Gaetan Haas,C,EDM,OTT,0.2170897907495621,0.2170897907495621,5.644334559488615,2.8221672797443076,0.5818006392088264,9.967777777777803,0.5475351258365458,0.0,3.9,3.1,3000,16.45,23.34346504559271,6.4,2.1333333333333333
21_02_02,Gerald Mayhew,W,MIN,COL,0.6480442022059649,0.34188738219263315,6.070592001901735,2.3247959079217666,0.5245689355188409,11.2613273280021,0.5405632237573429,0.48246548365544506,2.5,3.1,3000,16.266666666667,54.9590163934415,14.9,4.966666666666667
21_02_02,Ivan Barbashev,W,STL,ARI,0.3611556982343499,0.7223113964686998,5.417335473515249,1.6252006420545746,0.5327046548956661,12.691666666666666,0.5669071120578626,0.0,3.0,2.7,3300,12.300000000000331,7.804878048780277,1.6,0.4848484848484849
21_02_02,J.T. Compher,C,COL,MIN,0.6168080185042402,0.3084040092521201,4.317656129529682,4.317656129529682,0.4456437933693134,17.79722222222224,0.5466835200407586,0.0,3.0,11.6,4200,18.7999999999996,15.319148936170542,4.800000000000001,1.142857142857143
21_02_02,J.T. Miller,W,VAN,MTL,1.2749229734036915,1.6573998654247992,6.24712256967809,1.6573998654247992,0.6846336367177824,20.096666666666636,0.7822941895629199,0.7076404694520718,2.8,11.4,6800,23.516666666667,50.26222537207583,19.700000000000003,2.897058823529412
21_02_02,Jack Roslovic,W,CBJ,DAL,0.7468259895444344,1.194921583271095,6.721433905899909,1.6430171769977555,0.6034353995519032,14.610555555555583,0.6560944999643539,0.6571308197978639,2.5,7.3,3700,16.7833333333333,30.387288977159944,8.5,2.2972972972972974
21_02_02,Jaden Schwartz,W,STL,ARI,0.7828923523015593,1.6962667633200448,5.871692642261694,0.7828923523015593,0.8429140993113454,18.192222222222203,0.657413149967358,0.41531176789174745,3.0,12.2,5700,20.7000000000003,27.826086956521333,9.6,1.6842105263157894
21_02_02,Jake Evans,W,MTL,VAN,0.7649552306741163,0.3745611615802162,5.706263341124761,1.430496159330685,0.49401780883748664,11.20717137828196,0.547940491370114,0.0,3.7,4.9,3100,13.933333333333302,0.0,0.0,0.0
21_02_02,Jakob Silfverberg,W,ANA,LAK,1.0472074468085124,0.7480053191489374,8.228058510638311,2.094414893617025,0.7001329787234053,17.54055555555553,0.8319829990702634,0.6012363676346781,2.7,8.3,5400,17.18333333333367,39.10766246362678,11.2,2.074074074074074
21_02_02,Jamie Benn,W,DAL,CBJ,1.0680681529202263,1.373230482326005,7.323895905738695,3.051623294057789,0.709502415868436,15.710555555555652,0.7249093502979083,0.48768151438114965,2.5,12.3,7300,14.0333333333337,140.23752969120773,32.8,4.493150684931506
21_02_02,Jansen Harkins,W,WPG,CGY,0.3877847794474085,0.5816771691711128,5.42898691226372,1.551139117789634,0.39941832283083073,10.374444444444396,0.7028966481330517,0.0,2.9,2.5,3000,9.3166666666667,10.304114490160966,1.6,0.5333333333333333
21_02_02,Jason Dickinson,W,DAL,CBJ,0.5849853753656159,0.7312317192070198,5.5573610659733506,3.217419564510887,0.630321741956451,16.106111111111105,0.829816406984103,0.0,2.5,6.7,3700,17.3499999999997,16.59942363112421,4.800000000000001,1.2972972972972974
21_02_02,Jay Beagle,C,VAN,MTL,0.39770216526734686,1.391957578435714,3.9770216526734683,2.5850640742377546,0.568714096332306,13.12777777777771,0.6084789952732133,0.0,2.8,4.9,3000,10.5333333333333,45.56962025316471,8.0,2.6666666666666665
21_02_02,Jeff Carter,W,LAK,ANA,0.8776919951239325,1.1702559934985766,8.923201950426646,1.4628199918732205,0.7094676960585121,16.73777777777779,0.7914687152532094,0.5517345629770453,2.8,10.7,4700,15.283333333333,18.84405670665254,4.800000000000001,1.021276595744681
21_02_02,Jesperi Kotkaniemi,C,MTL,VAN,0.7107952021323857,1.0661928031985786,6.219458018658375,3.020879609062639,0.4637938693913816,13.308333333333332,0.9991544309311948,0.8844232810820013,3.7,9.2,4800,13.0000000000003,44.30769230769128,9.6,2.0
21_02_02,Jesse Puljujarvi,W,EDM,OTT,0.6398647068122405,0.5757138123296636,7.534362374344031,1.2454641035902667,0.8100132038705858,11.939069568289488,0.8797539793515093,0.6397254774834601,3.9,11.7,3500,14.5666666666663,118.62700228833252,28.8,8.22857142857143
21_02_02,Joakim Nordstrom,W,CGY,WPG,0.21454112038140552,0.42908224076281104,4.719904648390921,3.218116805721083,0.39261025029797214,11.50277777777782,0.4531419373218325,0.0,3.1,2.7,3000,9.3666666666667,20.498220640569325,3.2,1.0666666666666667
21_02_02,Joe Pavelski,C,DAL,CBJ,0.7838697034359641,1.0974175848103498,5.957409746113327,3.4490266951182416,0.7305665636023186,16.63944444444441,0.7796939961611691,0.792961650320568,2.5,12.6,6600,15.7666666666663,190.65539112051184,50.1,7.590909090909091
21_02_02,Joel Eriksson Ek,C,MIN,COL,1.1756541617340968,1.0286973915173345,9.11131975343925,1.0286973915173345,0.8876188921092432,16.49944444444436,0.5604575517227859,0.0,2.5,11.0,5100,15.63333333333363,12.28144989338996,3.2,0.6274509803921569
21_02_02,Johan Larsson,C,ARI,STL,0.3123508741486289,0.6247017482972578,3.7482104897835464,1.4055789336688298,0.410741399505447,14.612777777777701,0.8019191226867687,0.0,2.5,2.3,3200,12.05,7.966804979253112,1.6,0.5
21_02_02,Johnny Gaudreau,W,CGY,WPG,0.65523643114557,1.8346620072075959,8.255979032434182,0.65523643114557,0.8583597248006964,18.765555555555586,0.9244530842616646,0.8635573287014067,3.1,14.2,7800,19.15,40.10443864229766,12.8,1.6410256410256412
21_02_02,Jonathan Drouin,W,MTL,VAN,0.779625779625781,1.0914760914760935,5.76923076923078,0.9355509355509372,0.5800415800415811,15.315555555555537,0.8522968197879899,1.0704625951226023,3.7,9.7,4500,14.9666666666667,19.24276169265029,4.800000000000001,1.0666666666666667
21_02_02,Joonas Donskoi,W,COL,MIN,0.7914175167077017,0.4748505100246211,5.065072106929291,2.374252550123105,0.4843475202251133,14.393333333333352,0.5273316566128586,0.554668719845804,3.0,6.6,3700,13.483333333333633,42.719406674906345,9.6,2.5945945945945943
21_02_02,Jordan Greenway,W,MIN,COL,0.6112054329371773,2.1392190152801205,6.570458404074657,2.750424448217298,0.4859083191850561,14.584444444444541,0.7613128381848794,0.0,2.5,7.0,4100,16.08333333333363,17.90673575129501,4.800000000000001,1.1707317073170733
21_02_02,Jordan Kyrou,W,STL,ARI,1.3028642332747462,1.6751111570675308,8.74780270913044,1.116740771378354,0.8152207631061983,11.33722222222217,0.6712598180699316,0.6828452435438258,3.0,7.1,4300,16.516666666667,63.93541876891899,17.6,4.093023255813954
21_02_02,Jordan Staal,C,CAR,CHI,0.30455564485427866,1.6750560466985325,6.243390719512712,1.9796116915528112,0.7887991201725817,16.10888888888889,0.502246302350027,1.0045909757759877,3.1,8.2,3900,15.366666666667,62.4728850325366,16.0,4.102564102564102
21_02_02,Josh Archibald,W,EDM,OTT,1.2902565152833945,0.5529670779785977,5.161026061133578,3.8707695458501834,0.7151707541856531,13.568888888888898,0.4808500683481325,0.0,3.9,3.9,3600,17.183333333333,5.5868089233754725,1.6,0.4444444444444445
21_02_02,Josh Leivo,W,CGY,WPG,0.7649483659852958,0.45896901959117753,7.037524967064723,0.9179380391823551,0.7909566104287958,14.25944444444445,0.7609675516518877,0.8350389419039308,3.1,5.6,3100,12.0833333333337,15.88965517241331,3.2,1.032258064516129
21_02_02,Josh Norris,C,OTT,EDM,0.29166143856783944,0.706025716245679,6.08093822934065,1.5008698019699684,0.5353591823013565,13.028327428683394,1.038762586703489,0.853720768355473,2.6,8.9,4400,14.0999999999997,0.0,0.0,0.0
21_02_02,Kailer Yamamoto,W,EDM,OTT,1.1422125079320304,1.9036875132200506,6.091800042304162,3.2997250229147546,0.926461256433758,17.350000000000016,0.6003527953891427,0.6009094599624026,3.9,12.6,5100,17.000000000000302,45.176470588234494,12.8,2.5098039215686274
21_02_02,Kiefer Sherwood,W,COL,MIN,0.2745238605362145,0.9059077664522194,5.972289594107289,1.7149973703485892,0.4886256352749273,11.406603448938116,0.6561802579631713,0.0,3.0,3.5,3000,8.03333333333333,59.75103734439837,8.0,2.6666666666666665
21_02_02,Kirill Kaprizov,W,MIN,COL,0.6067130262149671,1.275288238492852,4.919695835329457,1.3863044199773702,0.5706192087937217,13.616073950557581,0.3682800601990457,0.6456651239021804,2.5,12.0,4700,20.58333333333297,50.42914979757174,17.3,3.6808510638297873
21_02_02,Kristian Vesalainen,W,WPG,CGY,0.46290699412700886,0.6148871492720116,4.848438703320443,2.1323862524635535,0.4705699382720919,10.470267588498974,0.6673208404124211,0.0,2.9,2.7,3000,7.7666666666667,12.360515021459172,1.6,0.5333333333333333
21_02_02,Kyle Clifford,W,STL,ARI,0.6098593935287194,0.40657292901914627,7.7248856513637785,1.423005251567012,0.5204133491445072,9.986666666666583,0.573052764933442,0.0,3.0,3.3,3300,8.6166666666667,22.282398452611137,3.2,0.9696969696969698
21_02_02,Kyle Connor,W,WPG,CGY,1.3981487474917516,1.2816363518674385,8.155867693701884,1.2816363518674385,0.8610266036636699,21.17111111111105,0.6870150437188227,0.7564309883983511,2.9,13.2,7000,16.40000000000033,11.707317073170495,3.2,0.4571428571428572
21_02_02,Kyle Rau,W,MIN,COL,0.4800185380015612,0.6376167009231143,5.862457936909802,1.4214113267517463,0.5058980114050358,10.555432985655406,0.5498986858142454,0.0,2.5,4.0,3000,7.43333333333337,25.82959641255593,3.2,1.0666666666666667
21_02_02,Kyle Turris,C,EDM,OTT,0.6605807605853484,0.8257259507316855,4.128629753658427,1.486306711317034,0.3699252259277951,15.581111111111104,0.60706567042579,0.786421470131057,3.9,7.0,3500,8.86666666666663,0.0,0.0,0.0
21_02_02,Leon Draisaitl,C,EDM,OTT,1.1512263758754144,2.1873301141632875,6.33174506731478,0.5756131879377072,0.5779156406894582,22.379999999999963,0.7746256032612926,0.7994412591696768,3.9,23.0,8700,21.500000000000306,55.8139534883713,20.0,2.2988505747126435
21_02_02,Liam Foudy,W,CBJ,DAL,0.29166143856783944,0.9911860061100509,6.819355894027356,1.1655395671457067,0.5428615329268233,12.126900404396455,0.6863814332768938,0.0,2.5,5.5,3800,13.5499999999997,14.169741697417289,3.2,0.8421052631578948
21_02_02,Lias Andersson,C,LAK,ANA,0.34088146538381436,0.37470389861920483,5.541908174336466,1.4943707093988172,0.449416425499772,10.21308096006763,0.8163138231631414,0.0,2.8,4.0,3000,10.633333333333,9.028213166144484,1.6,0.5333333333333333
21_02_02,Logan O'Connor,W,COL,MIN,1.1882298758178582,0.250786768355817,6.871075093243958,2.5579270143035844,0.665686469433439,9.344044288842788,0.5676498408839153,0.0,3.0,3.7,3000,8.25000000000003,110.54545454545412,15.2,5.066666666666666
21_02_02,Luke Johnson,C,MIN,COL,0.4286768130199349,0.5694186237430617,4.62827119043915,1.2693803036840094,0.41267833882275434,10.84139303425299,0.7028699131865774,0.0,2.5,5.1,3000,12.733333333333,0.0,0.0,0.0
21_02_02,Mark Scheifele,C,WPG,CGY,0.7451652965876167,1.8096871488556405,5.961322372700933,2.448400260216455,0.895262877757408,22.41888888888888,0.9364807193709966,0.7450188970337718,2.9,15.4,7400,20.1,38.2089552238806,12.8,1.7297297297297298
21_02_02,Martin Necas,W,CAR,CHI,0.7743600774360085,0.6194880619488068,5.730264573026463,1.2389761238976136,0.5420520542052061,15.211111111111096,0.9318698587342955,0.656476825829852,3.1,11.1,4100,20.8666666666663,23.00319488817932,8.0,1.951219512195122
21_02_02,Mason Appleton,W,WPG,CGY,0.7189575116081691,0.8986968895102113,8.088272005591904,0.5392181337061269,0.5176494083578818,12.383333333333315,0.5768586049432292,0.0,2.9,4.3,3600,12.3833333333333,79.46164199192484,16.4,4.5555555555555545
21_02_02,Mathieu Perreault,W,WPG,CGY,0.18626791535158121,1.1176074921094874,5.215501629844274,1.862679153515812,0.43959228022973157,11.917777777777754,0.6158871690073042,0.8623621227995734,2.9,5.9,3200,11.59999999999967,0.0,0.0,0.0
21_02_02,Matthew Highmore,W,CHI,CAR,0.22172949002217257,0.6651884700665177,6.651884700665177,1.552106430155208,0.6784922394678481,9.508333333333352,0.47821699272021834,0.0,2.4,3.4,3000,8.35000000000003,22.994011976047823,3.2,1.0666666666666667
21_02_02,Matthew Tkachuk,W,CGY,WPG,1.144916781511714,1.3993427329587615,9.668186154987808,1.272129757235238,1.0037103784586028,18.965555555555554,0.6787557669062644,0.8151071108154379,3.1,15.1,6100,24.2666666666667,75.16483516483505,30.4,4.9836065573770485
21_02_02,Mattias Janmark,W,CHI,CAR,0.4458204334365341,0.7430340557275568,5.349845201238408,1.1888544891640909,0.4889164086687323,16.184444444444395,0.6341290952981066,0.499085265960767,2.4,7.2,3800,20.64999999999997,13.946731234866853,4.800000000000001,1.2631578947368423
21_02_02,Max Comtois,W,ANA,LAK,0.864345738295327,0.34573829531813083,6.05042016806729,1.728691476590654,0.6448019207683139,13.511666666666553,0.507078298861804,0.4528425504715097,2.7,4.6,3400,13.933333333333,20.66985645933064,4.800000000000001,1.4117647058823533
21_02_02,Max Domi,C,CBJ,DAL,0.6997356554190629,0.9796299175866883,7.697092209609693,0.5597885243352504,0.5667858808894413,16.3027777777778,0.7426788708101784,0.7443811695961119,2.5,9.2,4200,17.383333333333,11.045062320230318,3.2,0.761904761904762
21_02_02,Mikael Backlund,C,CGY,WPG,1.4058106841611928,1.6869728209934316,8.716026241799398,1.4058106841611928,0.8856607310215515,17.041111111111174,0.7136154913555098,0.8034709017063456,3.1,9.2,4700,16.716666666667003,17.22831505483515,4.800000000000001,1.021276595744681
21_02_02,Mike Hoffman,W,STL,ARI,1.3649576610355163,1.5166196233727958,9.706365589585893,1.8199435480473554,0.7537599528162795,16.343333333333312,0.5712010992441677,0.7033321803071321,3.0,9.3,5200,14.2,84.50704225352113,20.0,3.8461538461538463
21_02_02,Mikhail Grigorenko,W,CBJ,DAL,0.6501335168922356,0.7571416518099139,4.693912735357011,2.261945229386703,0.504230037889035,11.895548000568313,0.4629592850049641,0.6901992736854865,2.5,6.6,3200,9.2666666666667,139.85611510791318,21.6,6.750000000000001
21_02_02,Mikko Koivu,C,CBJ,DAL,0.536246276067526,1.251241310824227,4.647467725918558,2.6812313803376298,0.4629592850049641,13.075555555555583,0.504230037889035,0.0,2.5,4.0,3400,10.25,0.0,0.0,0.0
21_02_02,Mikko Rantanen,W,COL,MIN,1.1828702858603193,0.7885801905735463,8.411522032784495,1.70859041290935,0.6913219670694755,19.023333333333326,0.8752422727736444,0.8777264084812282,3.0,15.8,7700,21.950000000000298,21.867881548974648,8.0,1.0389610389610389
21_02_02,Milan Lucic,W,CGY,WPG,0.7283763277693467,0.9104704097116834,4.91654021244309,2.0030349013657034,0.37147192716236693,12.49777777777778,0.46371109888963513,0.0,3.1,5.2,3200,11.4833333333333,8.35994194484763,1.6,0.5
21_02_02,Morgan Geekie,C,CAR,CHI,1.0853414134600512,0.7372014743988807,4.925052703510139,2.297332266570351,0.4841028685930543,10.771070627845729,0.0,0.6757932210339025,3.1,5.6,3200,9.6333333333333,0.0,0.0,0.0
21_02_02,Nazem Kadri,C,COL,MIN,1.2225146447066833,0.9168859835300125,8.710416843535118,0.6112573223533416,0.880210544188812,16.804444444444425,0.554668719845804,0.7832821199215599,3.0,10.0,6300,17.533333333333,5.475285171102766,1.6,0.25396825396825395
21_02_02,Nick Bjugstad,C,MIN,COL,0.658757614367406,0.5073333982384537,7.876622017737852,3.268998103681118,0.7161018116947108,12.089163399823216,0.5511581767505993,0.5729238224516859,2.5,9.8,4000,14.6499999999997,26.21160409556368,6.4,1.6
21_02_02,Nick Bonino,C,MIN,COL,0.6888963306702396,0.8611204133377994,5.683394728029477,6.200066976032156,0.57522843610965,16.10222222222221,0.5152334734619384,0.6433605102442163,2.5,6.2,3500,10.5833333333334,18.141732283464453,3.2,0.9142857142857144
21_02_02,Nick Caamano,W,DAL,CBJ,0.4036909442943281,0.4656772974131993,7.461081545831338,1.633520738428671,0.5846077073186968,9.956472452743194,0.42938802972381496,0.0,2.5,3.9,3000,9.5833333333333,40.06956521739145,6.4,2.1333333333333333
21_02_02,Nick Foligno,W,CBJ,DAL,0.7530593034201496,0.7530593034201496,6.52651396297463,2.2591779102604486,0.697834954502672,19.381111111111,0.677154334003563,0.6256643014809409,2.5,8.3,4700,16.1499999999997,37.52321981424218,10.1,2.148936170212766
21_02_02,Nick Paul,W,OTT,EDM,0.7755946225439497,1.0858324715615295,7.755946225439497,2.792140641158219,0.5754912099276107,14.576111111111121,0.7110565288850031,0.780090676233578,2.6,9.4,3600,13.566666666666327,21.22850122850176,4.800000000000001,1.3333333333333335
21_02_02,Nick Schmaltz,C,ARI,STL,1.107643620060649,0.6329392114632281,7.2788009318271225,2.5317568458529123,0.7294624412113703,15.322222222222315,0.8816311999250703,0.8007111614738139,2.5,9.7,4400,17.86666666666663,84.96268656716434,25.3,5.75
21_02_02,Nick Suzuki,C,MTL,VAN,0.565371024734985,1.4134275618374625,8.197879858657283,1.8374558303887012,0.8522968197879899,17.2166666666666,0.5800415800415811,0.9343349752493979,3.7,12.4,5600,20.05,47.88029925187033,16.0,2.857142857142857
21_02_02,Nico Sturm,C,MIN,COL,0.2573839128173619,0.765137169778262,5.9406476980893395,2.666778794502684,0.4612671677656455,10.552989808029135,0.42295608071308377,0.0,2.5,3.7,3000,10.5166666666667,9.128367670364472,1.6,0.5333333333333333
21_02_02,Nicolas Deslauriers,W,ANA,LAK,1.8077330803994813,0.6025776934664938,7.230932321597925,4.218043854265456,0.7050159013557977,10.22277777777781,0.574296944234905,0.0,2.7,4.4,3500,10.45,124.01913875598086,21.6,6.171428571428572
21_02_02,Nikolaj Ehlers,W,WPG,CGY,1.6147118187934517,2.2875084099573897,11.168423413321372,0.9419152276295133,0.968827091276071,16.179444444444446,0.8996986126116651,0.6859505191174602,2.9,12.5,6600,16.83333333333367,54.1782178217811,15.2,2.3030303030303028
21_02_02,Nils Hoglander,W,VAN,MTL,0.7948765866023995,0.8906339444426072,6.081898301849879,2.7087781717547585,0.6665249742738617,12.273437802433277,0.7508402551577229,0.8692225534300347,2.8,9.6,3900,15.1000000000003,12.71523178807922,3.2,0.8205128205128206
21_02_02,Nino Niederreiter,W,CAR,CHI,1.1309577237231925,0.4846961673099397,8.5629656224756,0.9693923346198794,0.9403105645812829,14.543333333333242,0.732740603546257,0.5237239890378264,3.1,9.9,4400,16.55,52.205438066465256,14.4,3.2727272727272725
21_02_02,Oliver Bjorkstrand,W,CBJ,DAL,1.8229694146242699,1.2153129430828464,8.507190601579925,0.7291877658497079,0.7875227871176846,18.886666666666635,0.6323104176960566,0.670802200853364,2.5,11.0,5100,16.5333333333337,11.612903225806194,3.2,0.6274509803921569
21_02_02,Oskar Sundqvist,W,STL,ARI,0.6631360810499654,0.6631360810499654,6.797144830762146,2.8183283444623526,0.6134008749712181,14.131111111111109,0.5265590020200867,0.0,3.0,5.5,3400,13.116666666667,29.275730622616795,6.4,1.8823529411764706
21_02_02,Patrick Kane,W,CHI,CAR,1.1551049220304186,1.5016363986395445,10.857986267085936,1.2706154142334605,0.7762305076044413,21.329444444444437,0.49047204583025206,0.6439560842766167,2.4,14.2,8100,24.3666666666663,45.30779753762038,18.4,2.271604938271605
21_02_02,Paul Byron,W,MTL,VAN,0.5193306405077879,1.2117714945181717,5.020196191575282,1.3848817080207674,0.4881708020773206,13.851666666666716,0.550863994750197,0.0,3.7,4.7,3400,13.1833333333333,7.281921618204823,1.6,0.47058823529411764
21_02_02,Paul Stastny,C,WPG,CGY,0.5741626794258399,1.5789473684210598,5.31100478468902,1.4354066985645997,0.7866028708134007,17.887777777777714,0.7242269101439572,0.7812388993484408,2.9,9.9,5500,13.8999999999997,0.0,0.0,0.0
21_02_02,Phil Kessel,W,ARI,STL,0.6061116255577059,0.7576395319471323,6.818755787524192,1.0606953447259855,0.6727839043690536,16.226666666666684,0.7280784535820852,0.6983678784569136,2.5,10.1,6400,17.916666666666302,82.04651162790864,24.5,3.828125
21_02_02,Philipp Kurashev,C,CHI,CAR,0.826949610025896,0.6169888667330441,5.179284180703816,1.4997448176489145,0.4920276829917718,11.574528762641958,0.6325734581365868,0.4975296287992473,2.4,5.5,3700,16.8333333333333,55.96039603960407,15.7,4.243243243243243
21_02_02,Phillip Danault,C,MTL,VAN,0.14690279931445285,1.9097363910878873,5.435403574634756,1.7628335917734341,0.6845670448053504,17.346666666666742,0.9717946759204146,0.0,3.7,8.9,4400,14.3166666666667,13.410942956926627,3.2,0.7272727272727273
21_02_02,Pius Suter,C,CHI,CAR,0.7693389997780069,0.5807407932002564,6.04325484745541,1.5563417949480727,0.5061428489297622,12.185817378582641,0.5643916879892613,0.49047204583025206,2.4,5.1,3800,10.15,69.16256157635469,11.7,3.0789473684210527
21_02_02,Radek Faksa,C,DAL,CBJ,0.31347962382445,0.31347962382445,5.95611285266455,2.978056426332275,0.5862068965517214,16.087777777777827,0.4572521165191368,0.5287800208200545,2.5,8.5,3400,18.9833333333337,48.042142230025405,15.2,4.470588235294118
21_02_02,Rickard Rakell,W,ANA,LAK,0.2603884127156342,1.301942063578171,9.113594445047198,2.213301508082891,0.835846804817186,17.572777777777784,0.44709301569759435,0.5333794545877878,2.7,10.4,5700,17.783333333332997,10.796626054358216,3.2,0.5614035087719299
21_02_02,Robert Thomas,C,STL,ARI,0.2988916102785499,1.7933496616712994,4.035036738760423,1.4944580513927492,0.45282078957200306,15.048333333333357,0.721670680866306,0.8036452347218909,3.0,7.1,4200,13.166666666667,7.291139240506145,1.6,0.380952380952381
21_02_02,Roope Hintz,C,DAL,CBJ,0.5045550105115626,0.33637000700770836,7.736510161177294,2.3545900490539586,0.7719691660826906,14.584444444444442,0.693675975190781,0.7791607828271107,2.5,10.2,5000,15.683333333333628,50.88204038257078,13.3,2.66
21_02_02,Ryan Dzingel,W,CAR,CHI,0.0,0.5414076599157804,4.692199719270097,2.1656306396631217,0.5450170443152188,13.060555555555569,0.6241373402787085,0.6554884957931811,3.1,6.9,3300,10.8,17.77777777777778,3.2,0.9696969696969698
21_02_02,Ryan Getzlaf,C,ANA,LAK,0.13331852016442558,0.9332296411509792,4.132874125097193,4.132874125097193,0.3666259304521703,17.6283333333334,0.6817034528801023,0.7679898917702956,2.7,9.3,5100,17.266666666667,5.559845559845453,1.6,0.3137254901960784
21_02_02,Ryan Hartman,W,MIN,COL,0.6105834464043419,1.2211668928086838,9.15875169606513,4.477611940298507,0.6350067842605156,11.696111111111113,0.6867636056471497,0.0,2.5,3.8,3200,16.59999999999963,23.13253012048245,6.4,2.0
21_02_02,Ryan Nugent-Hopkins,W,EDM,OTT,1.0110584518167478,1.516587677725122,9.225908372827824,1.8957345971564021,0.8442338072669844,21.832222222222185,0.8626436776533101,0.710668536977168,3.9,18.5,7500,20.1499999999996,0.0,0.0,0.0
21_02_02,Ryan O'Reilly,C,STL,ARI,0.6595097644084554,1.9785292932253664,4.616568350859189,1.7147253874619843,0.3257978236177771,19.912777777777794,0.6312434657360713,0.5876838597896036,3.0,13.2,6300,21.5666666666663,51.19010819165466,18.4,2.9206349206349205
21_02_02,Sam Bennett,W,CGY,WPG,0.6733062140552634,0.5049796605414476,7.238041801094081,0.8416327675690791,0.6362743722822238,12.514444444444509,0.8383086707251737,0.0,3.1,7.5,3300,11.18333333333334,8.584202682563335,1.6,0.4848484848484849
21_02_02,Sam Steel,C,ANA,LAK,0.31250000000000083,0.9375000000000024,4.687500000000012,1.4062500000000036,0.378125000000001,14.606666666666637,0.6404167592459604,0.5861810108556662,2.7,6.2,3500,17.283333333333,33.32690453230536,9.6,2.742857142857143
21_02_02,Sammy Blais,W,STL,ARI,0.3500413243230114,1.0501239729690341,6.6507851621372165,1.750206621615057,0.6895814089163325,11.841111111111074,0.6032903711941413,0.0,3.0,3.6,3000,11.199999999999669,94.28571428571708,17.6,5.866666666666667
21_02_02,Sean Monahan,C,CGY,WPG,0.6818698386241437,0.9546177740738013,7.636942192590411,1.500113644973116,0.9096143647246078,18.084444444444316,0.898825764299709,0.8464724487267695,3.1,12.6,6900,17.7166666666663,32.51175917215495,9.6,1.391304347826087
21_02_02,Sebastian Aho,C,CAR,CHI,1.618038128768869,1.2135285965766516,9.034046218959519,1.4832016180381298,1.0193640211243875,19.532222222222213,0.8213049789869975,0.9277360087920524,3.1,16.3,7600,20.599999999999696,13.980582524272052,4.800000000000001,0.6315789473684211
21_02_02,Tanner Kero,W,DAL,CBJ,0.4115581748071938,0.8866014351324585,4.934701738204426,1.7285719699044688,0.4723084147788817,11.260009174171048,0.4855376759937225,0.5667461814110011,2.5,4.5,3300,10.749999999999666,0.0,0.0,0.0
21_02_02,Tanner Pearson,W,VAN,MTL,1.297972918836641,0.576876852816285,8.364714365836132,1.7306305584488548,0.8768528162807531,16.10944444444435,0.7296079741245346,0.7991132727610709,2.8,9.9,4600,16.783333333333,71.49950347567172,20.0,4.3478260869565215
21_02_02,Tomas Tatar,W,MTL,VAN,1.0599369085173447,2.2712933753943103,7.722397476340652,1.8170347003154481,0.7116719242902171,15.367777777777844,0.9582422361779812,0.8017972627823894,3.7,11.7,6000,14.466666666667,6.635944700460676,1.6,0.26666666666666666
21_02_02,Trevor Lewis,W,WPG,CGY,0.8132377026034885,0.40661885130174424,7.522448749082268,1.423165979556105,0.9352233579940116,10.906111111111128,0.4349941305514613,0.0,2.9,2.4,3200,12.2666666666666,91.95652173913092,18.8,5.875
21_02_02,Trevor Moore,W,LAK,ANA,0.5603985056039872,0.9339975093399786,6.351183063511854,1.3075965130759701,0.8163138231631414,11.72111111111107,0.449416425499772,0.0,2.8,6.6,3000,9.966666666666669,0.0,0.0,0.0
21_02_02,Troy Terry,W,ANA,LAK,0.15938371629698442,0.9563022977819066,5.897197502988424,0.9563022977819066,0.5275601009430184,14.353333333333373,0.6012363676346781,0.5114634603841575,2.7,5.7,3100,12.083333333333,23.834482758621352,4.800000000000001,1.5483870967741937
21_02_02,Tyler Motte,W,VAN,MTL,1.0316171554112155,0.6877447702741436,6.877447702741436,5.673894354761685,0.5691087974018539,14.302777777777768,0.6082816447384394,0.0,2.8,7.0,3700,13.2666666666663,7.236180904522813,1.6,0.43243243243243246
21_02_02,Tyler Pitlick,W,ARI,STL,0.6855510592716023,1.199714353725304,6.512735063080222,3.941918590811713,0.6838371816234233,13.802222222222216,0.784396985562293,0.694683452705457,2.5,4.5,3600,16.416666666667,46.78172588832393,12.8,3.555555555555556
21_02_02,Tyler Toffoli,W,MTL,VAN,1.9695193434935598,0.7033997655334142,14.208675263774968,1.2661195779601455,1.2886283704572148,17.606111111111048,0.5867371803982783,0.7161691999147854,3.7,11.0,5900,17.4,137.93103448275863,40.0,6.779661016949152
21_02_02,Tyson Jost,W,COL,MIN,0.362282378987621,0.724564757975242,5.977659253295747,1.0868471369628632,0.6466740464929034,13.9877777777778,0.5771560523541832,0.0,3.0,3.9,3200,17.18333333333333,16.7604267701261,4.800000000000001,1.5000000000000002
21_02_02,Valeri Nichushkin,W,COL,MIN,0.6461745568768212,0.4846309176576159,6.300201929549008,2.2616109490688747,0.6090195198564039,14.313333333333368,0.46499565679721333,0.0,3.0,3.7,3500,13.85000000000033,65.84837545126197,15.2,4.3428571428571425
21_02_02,Victor Rask,C,MIN,COL,0.9902624195411721,0.5941574517247032,4.753259613797626,1.1883149034494065,0.27529295263244585,10.711111111111174,0.5159431882796837,0.6071034750986426,2.5,4.8,3600,15.4166666666663,6.227027027027176,1.6,0.4444444444444445
21_02_02,Vincent Trocheck,C,CAR,CHI,1.06843042482829,0.7631645891630643,8.394810480793709,2.13686084965658,0.923429152887308,16.27611111111108,0.7411813093932444,0.9597142982044122,3.1,12.4,4800,20.416666666667,72.88163265306007,24.800000000000004,5.166666666666668
21_02_02,Zach Parise,W,MIN,COL,0.7463614877472341,0.8956337852966809,7.015797984823999,2.239084463241702,0.6896380146784442,17.361111111111082,0.5643900752587325,0.39993094407564334,2.5,12.2,5900,17.8,39.43820224719101,11.7,1.9830508474576272
21_02_02,Zach Sanford,W,STL,ARI,1.5115888478333839,0.6046355391333536,8.011420893516934,3.6278132348001217,0.8419549882431949,15.63944444444449,0.3731648834233623,0.673933835164827,3.0,9.1,4200,13.7166666666667,13.997569866342616,3.2,0.761904761904762
21_02_02,Zack Kassian,W,EDM,OTT,0.442550401573514,1.0326176036715327,6.0481888215046915,0.5900672020980186,0.5753155220455682,13.875555555555513,0.5043705223669035,0.0,3.9,4.4,3600,11.649999999999666,8.24034334763972,1.6,0.4444444444444445
21_02_02,Zack MacEwen,W,VAN,MTL,1.4132242634675949,0.2953850422995285,7.3198778120667916,1.7412130464021753,0.6478491931445727,9.180923670695304,0.56891144686708,0.0,2.8,4.8,3200,6.9833333333333,13.74701670644398,1.6,0.5
21_02_02,Adam Larsson,D,EDM,OTT,0.3519979140864348,0.23466527605762322,3.9893096929795946,5.866631901440581,0.16426569324033624,19.587222222222234,0.16778944070186488,0.0,3.9,7.7,3600,20.366666666666298,23.567921440262293,8.0,2.2222222222222223
21_02_02,Alex Goligoski,D,ARI,STL,0.11224044397331144,0.5612022198665573,3.591694207145966,4.6018582029057695,0.1560142171229029,22.45555555555559,0.09896304544505591,0.0,2.5,10.0,3800,21.8833333333333,8.773800456968788,3.2,0.8421052631578948
21_02_02,Alexander Edler,D,VAN,MTL,0.11497556769186555,1.609657947686118,5.6338028169014125,5.9787295199770085,0.12992239149180806,20.81166666666665,0.13571532901678346,0.0,2.8,9.8,4300,19.533333333333,14.744027303754525,4.800000000000001,1.116279069767442
21_02_02,Ben Chiarot,D,MTL,VAN,0.2162421912542041,0.5406054781355102,5.514175876982204,4.21672272945698,0.20434887073522287,22.315000000000047,0.14901690238013063,0.0,3.7,8.9,3900,21.85000000000037,35.148741418763706,12.8,3.2820512820512824
21_02_02,Ben Hutton,D,ANA,LAK,0.35086579383385624,0.8186868522789978,5.84776323056427,2.4560605568369933,0.29706637211266496,18.59333333333344,0.11760288374887388,0.0,2.7,4.5,3500,18.533333333333697,25.89928057553906,8.0,2.285714285714286
21_02_02,Bowen Byram,D,COL,MIN,0.09815455266605826,0.481751193153951,4.225269490700384,2.606948340341131,0.19035505432570485,14.918153718445065,0.31454982904900575,0.5312283199722404,3.0,9.2,3500,15.85,6.056782334384859,1.6,0.4571428571428572
21_02_02,Brad Hunt,D,MIN,COL,0.3357582540570786,0.3357582540570786,7.386681589255728,3.861219921656404,0.2618914381645213,14.07222222222224,0.26382501402131303,0.4964999676099104,2.5,4.7,3500,17.016666666667,22.56611165523952,6.4,1.8285714285714287
21_02_02,Brady Skjei,D,CAR,CHI,0.21899142283593837,0.3284871342539076,6.131759839406275,3.832349899628922,0.22337125129265717,20.84666666666671,0.3844784620861505,0.0,3.1,10.6,4000,22.1666666666663,34.64661654135396,12.8,3.2
21_02_02,Braydon Coburn,D,OTT,EDM,0.0,0.5997001499250361,3.7481259370314755,3.2983508245876982,0.16041979010494717,15.016666666666703,0.16092619392185323,0.0,2.6,6.8,3500,18.43333333333337,15.62386980108496,4.800000000000001,1.3714285714285717
21_02_02,Brett Pesce,D,CAR,CHI,0.0,0.875779230652274,5.035730576250576,3.2841721149460272,0.23646039227611398,22.1022222222222,0.1739002175596453,0.0,3.1,9.8,3500,23.116666666666298,49.83417447728991,19.200000000000003,5.485714285714287
21_02_02,Cale Makar,D,COL,MIN,0.3419019880967454,1.7095099404837268,5.12852982145118,2.3933139166772177,0.31454982904900575,22.205555555555577,0.19035505432570485,0.8155915946773106,3.0,13.7,6300,26.383333333333404,21.83196462413133,9.6,1.523809523809524
21_02_02,Calvin de Haan,D,CHI,CAR,0.23421489216356128,0.5855372304089032,5.738264858007251,6.675124426661497,0.1639504245144929,20.364444444444363,0.1815054273681709,0.4956956468634221,2.4,9.5,3700,18.816666666667,35.71302037201,11.2,3.0270270270270268
21_02_02,Cam Fowler,D,ANA,LAK,0.2173256866888008,0.6519770600664025,4.889827950498018,2.825233926954411,0.19776637488680876,21.988333333333408,0.1406854996535289,0.5168290072371111,2.7,8.8,4400,20.8,4.615384615384616,1.6,0.36363636363636365
21_02_02,Carson Soucy,D,MIN,COL,0.28805761152230397,0.5761152230446079,4.464892978595713,4.032806561312256,0.20164032806561283,16.01944444444446,0.1826974744760895,0.0,2.5,7.3,3500,21.24999999999963,9.035294117647217,3.2,0.9142857142857144
21_02_02,Christopher Tanev,D,CGY,WPG,0.1254573967590162,0.8782017773131134,2.885520125457373,6.649242028227859,0.1292211186617867,19.11611111111125,0.313907534031743,0.0,3.1,5.9,3800,19.416666666667,9.888412017167214,3.2,0.8421052631578948
21_02_02,Colton Parayko,D,STL,ARI,0.5794768611670029,1.255533199195173,7.050301810865202,3.7665995975855195,0.25400402414486956,23.337777777777756,0.28287559971289483,0.0,3.0,10.3,4800,21.09999999999997,81.89573459715652,28.8,6.0
21_02_02,Connor Murphy,D,CHI,CAR,0.3203036953555956,0.533839492259326,6.512841805563777,5.765466516400721,0.1815054273681709,21.901111111111156,0.1639504245144929,0.0,2.4,10.9,4200,22.316666666667,38.715459297983,14.4,3.428571428571429
21_02_02,Conor Timmins,D,COL,MIN,0.08925470649215085,0.3190868388315837,4.027837451456438,3.0530990957000883,0.15238478504877848,13.577067832745941,0.16977468408532412,0.0,3.0,3.8,3500,14.4500000000003,26.574394463667268,6.4,1.8285714285714287
21_02_02,Darnell Nurse,D,EDM,OTT,0.38781611052759274,1.06649430395088,6.302011796073382,5.3324715197544,0.3131615092510311,24.896111111111047,0.2381832270370151,0.6822974090802415,3.9,13.4,5200,23.599999999999667,46.77966101694981,18.4,3.538461538461538
21_02_02,David Savard,D,CBJ,DAL,0.0,0.20679553091880418,4.2393083838354855,6.720854754861135,0.19335382140908192,21.20166666666666,0.18149119962263033,0.0,2.5,8.2,3700,18.4999999999997,10.378378378378548,3.2,0.8648648648648649
21_02_02,Dean Kukan,D,CBJ,DAL,0.1336253294235553,0.6681266471177765,4.6768865298244355,3.6078838944359934,0.12828031624661312,15.98999999999998,0.1986534323592708,0.0,2.5,3.8,3500,16.066666666667,56.76348547717724,15.2,4.3428571428571425
21_02_02,Derek Forbort,D,WPG,CGY,0.11848341232227463,0.5924170616113732,4.265402843601887,4.502369668246436,0.11966824644549737,18.787777777777816,0.23049464558898564,0.0,2.9,7.2,3600,22.633333333333702,65.74374079528612,24.8,6.888888888888889
21_02_02,Dougie Hamilton,D,CAR,CHI,0.34952587462377316,0.9320689989967285,8.039095116346783,3.1457328716139585,0.3844784620861505,22.982777777777837,0.22337125129265717,0.9506430118751361,3.1,12.0,5400,24.63333333333333,11.691474966170505,4.800000000000001,0.8888888888888891
21_02_02,Drew Doughty,D,LAK,ANA,0.09678720258099234,0.7742976206479387,2.90361607742977,2.3228928619438163,0.19647802123941446,26.003333333333277,0.11384723203579754,0.7112520678043509,2.8,13.0,5600,24.28333333333367,31.626630061770324,12.8,2.285714285714286
21_02_02,Duncan Keith,D,CHI,CAR,0.0,0.8450456265954663,4.859012352923932,3.8027053196795984,0.1563334409201613,24.775555555555506,0.15054840439138883,0.6770246901085728,2.4,11.7,4900,27.0166666666667,14.213448488587275,6.4,1.3061224489795917
21_02_02,Dylan DeMelo,D,WPG,CGY,0.0,0.45934479568726483,3.6747583654981186,3.7895945644199354,0.08153370123448951,19.596666666666597,0.17198257692848148,0.0,2.9,6.0,3600,16.216666666667,35.51901336073925,9.6,2.6666666666666665
21_02_02,Erik Gudbranson,D,OTT,EDM,0.23154848046309812,0.3473227206946472,5.094066570188158,4.167872648335766,0.16092619392185323,19.872222222222135,0.16041979010494717,0.0,2.6,7.6,3500,17.51666666666667,10.960989533777353,3.2,0.9142857142857144
21_02_02,Esa Lindell,D,DAL,CBJ,0.0,0.3203226954561628,4.377743504567559,3.950646577292675,0.16977102859176635,23.087777777777795,0.21420684578579363,0.0,2.5,10.2,3800,24.8500000000003,15.452716297786536,6.4,1.6842105263157896
21_02_02,Hampus Lindholm,D,ANA,LAK,0.3058103975535177,0.2038735983690118,5.504587155963319,3.160040774719683,0.27319062181447573,23.338888888888835,0.18610122272094062,0.6342019046642539,2.7,9.5,4300,21.666666666666305,13.292307692307917,4.800000000000001,1.116279069767442
21_02_02,Haydn Fleury,D,CAR,CHI,0.2695821476711088,0.9435375168488809,6.200389396435503,4.178523288902187,0.21836153961359817,16.178333333333388,0.18202600267449107,0.0,3.1,4.6,3500,15.5,43.35483870967742,11.2,3.1999999999999997
21_02_02,Ian Cole,D,MIN,COL,0.0,0.5384183959618631,5.922602355580495,4.711160964666304,0.26382501402131303,17.462777777777752,0.2618914381645213,0.0,2.5,3.8,3500,16.63333333333363,28.857715430861205,8.0,2.285714285714286
21_02_02,Ian Mitchell,D,CHI,CAR,0.08480304061547642,0.4530122143492871,3.3796132523353255,3.56143256442333,0.15054840439138883,14.018099107919928,0.1563334409201613,0.4956956468634221,2.4,4.4,3500,13.883333333333,13.829531812725422,3.2,0.9142857142857144
21_02_02,Jacob Larsson,D,ANA,LAK,0.13517572844698147,1.0814058275758518,3.109041754280574,3.6497446680685,0.11760288374887388,16.016111111111066,0.29706637211266496,0.0,2.7,4.7,3500,17.4333333333337,11.013384321223478,3.2,0.9142857142857144
21_02_02,Jacob MacDonald,D,COL,MIN,0.1248262392764265,0.4462555719395317,4.298096365085877,2.9715479778002174,0.16977468408532412,13.95011952883906,0.15238478504877848,0.0,3.0,3.0,3500,15.583333333333329,24.64171122994653,6.4,1.8285714285714287
21_02_02,Jake Gardiner,D,CAR,CHI,0.0,0.7964895460747113,3.9824477303735564,2.522216895903252,0.1739002175596453,17.190555555555488,0.23646039227611398,0.6278706329236905,3.1,8.3,3700,12.75,0.0,0.0,0.0
21_02_02,Jakob Chychrun,D,ARI,STL,0.21953227429338112,0.8781290971735245,6.366435954508052,4.719943897307695,0.2996615544104652,22.158888888888832,0.15241295225906684,0.782898981408203,2.5,10.0,4000,22.0333333333333,26.14220877458401,9.6,2.4
21_02_02,Jalen Chatfield,D,VAN,MTL,0.1026027338728892,0.36680622561744225,3.2454253887809235,2.769841272865458,0.13571532901678346,13.947156837160781,0.12992239149180806,0.0,2.8,2.6,3500,13.0500000000003,22.06896551724088,4.800000000000001,1.3714285714285717
21_02_02,Jamie Oleksiak,D,DAL,CBJ,0.5142673475947301,0.25713367379736507,3.728438270061794,2.8284704117710158,0.17485089818220825,16.756111111111064,0.23282735810052513,0.0,2.5,6.7,3500,18.06666666666633,10.62730627306293,3.2,0.9142857142857144
21_02_02,Jani Hakanpaa,D,ANA,LAK,0.18799293893203078,0.22353585768806455,3.113610835338517,4.4218166246098765,0.1406854996535289,16.254607591262065,0.19776637488680876,0.0,2.7,6.6,3500,19.11666666666633,5.021795989538013,1.6,0.4571428571428572
21_02_02,Jared Spurgeon,D,MIN,COL,0.5954349983460107,0.23817399933840425,5.120740985775691,4.644392987098883,0.34058881905391797,22.421666666666756,0.17042226850975195,0.6206498188660275,2.5,12.0,4700,15.0500000000004,38.27242524916842,9.6,2.0425531914893615
21_02_02,Jason Demers,D,ARI,STL,0.0,0.7185150688576931,3.951832878717312,3.951832878717312,0.11975251147628217,18.698333333333366,0.18317418275597663,0.0,2.5,3.4,3600,19.7166666666663,19.4759087066783,6.4,1.777777777777778
21_02_02,Jeff Petry,D,MTL,VAN,0.7785467128027661,0.8897676717745898,4.4488383588729485,2.6693030153237696,0.32921403855659825,23.34111111111116,0.36402893231134537,0.9069889234289286,3.7,11.0,5500,23.1166666666666,60.21629416005786,23.200000000000003,4.218181818181819
21_02_02,Joel Edmundson,D,MTL,VAN,0.5181906509770041,0.9068336392097572,5.311454172514292,4.015977545071782,0.36402893231134537,18.51500000000004,0.32921403855659825,0.0,3.7,7.8,3600,19.433333333333,39.51972555746208,12.8,3.555555555555556
21_02_02,Joel Hanley,D,DAL,CBJ,0.08480304061547642,0.6620293184295103,3.6163210925511446,3.707477220666837,0.1315850455128583,13.050458133884515,0.482373300370829,0.0,2.5,3.6,3500,13.233333333333,43.526448362721496,9.6,2.742857142857143
21_02_02,John Klingberg,D,DAL,CBJ,0.4416635995583372,0.6624953993375059,5.410379094589632,3.8645564961354513,0.21420684578579363,21.517222222222184,0.16977102859176635,0.7773628786410056,2.5,11.4,6600,21.56666666666637,59.2581143740348,21.3,3.2272727272727275
21_02_02,Jonas Brodin,D,MIN,COL,0.3224073078989814,1.1821601289629315,5.480924234282683,5.265986029016696,0.1826974744760895,22.371111111110963,0.20164032806561283,0.4964999676099104,2.5,9.9,4200,23.3499999999996,12.334047109207924,4.800000000000001,1.142857142857143
21_02_02,Jordan Gross,D,ARI,STL,0.1114956147985207,0.5290544777360204,4.1719096729716565,2.9067545072270327,0.15241295225906684,14.260667938516404,0.2996615544104652,0.0,2.5,6.0,3500,13.033333333333331,14.731457800511512,3.2,0.9142857142857144
21_02_02,Jordan Oesterle,D,ARI,STL,0.2509235380218858,0.3763853070328287,3.88931483933923,6.022164912525259,0.18317418275597663,18.65666666666669,0.11975251147628217,0.6919718849349485,2.5,8.2,3700,21.250000000000306,13.552941176470398,4.800000000000001,1.2972972972972974
21_02_02,Jordie Benn,D,VAN,MTL,0.1502190694763196,0.9013144168579177,6.609639056958062,5.558105570623825,0.14721468808679322,15.714999999999995,0.19839787990122243,0.0,2.8,7.3,3700,13.2333333333337,0.0,0.0,0.0
21_02_02,Josh Morrissey,D,WPG,CGY,0.10116622172263619,0.5058311086131809,4.248981312350719,2.3268230996206327,0.17198257692848148,22.738888888888845,0.08153370123448951,0.7825798922146808,2.9,9.5,4000,23.2666666666663,33.0085959885392,12.8,3.2
21_02_02,Justin Faulk,D,STL,ARI,0.4285459198857214,0.32140943991429105,6.963871198142972,3.3212308791143412,0.26034164633057577,21.331666666666653,0.345226679011938,0.0,3.0,8.3,4100,23.66666666666667,42.59154929577464,16.8,4.097560975609756
21_02_02,Juuso Valimaki,D,CGY,WPG,0.09370521035737224,0.6100816677868905,4.060335778975197,3.626990719541906,0.17605277998805746,14.66405616462191,0.14879489788007563,0.0,3.1,6.7,3600,15.933333333333,24.100418410042348,6.4,1.777777777777778
21_02_02,Kale Clague,D,LAK,ANA,0.08480304061547642,0.5737984206204384,3.669337026760987,3.401635906770187,0.13135156901427006,14.814947291122674,0.28172688143993496,0.6306011295177787,2.8,5.9,3500,22.016666666666328,21.801665404996548,8.0,2.285714285714286
21_02_02,Kevin Shattenkirk,D,ANA,LAK,0.11143785791673087,0.6686271475003854,5.01470360625289,2.8973843058350033,0.18610122272094062,19.981111111111154,0.27319062181447573,0.6342019046642539,2.7,10.1,3800,21.933333333333,30.63829787234089,11.2,2.9473684210526314
21_02_02,Kris Russell,D,EDM,OTT,0.0,0.7518168908194787,3.7590844540973936,5.262718235736352,0.11427616740456077,14.927222222222253,0.14718874586199734,0.0,3.9,7.2,3500,19.2000000000003,34.999999999999446,11.2,3.1999999999999997
21_02_02,Kurtis MacDermid,D,LAK,ANA,0.3130298682665943,0.6260597365331886,4.538933089865618,3.2868136167992406,0.28172688143993496,13.933888888888998,0.13135156901427006,0.0,2.8,7.4,3500,16.63333333333333,5.771543086172346,1.6,0.4571428571428572
21_02_02,Logan Stanley,D,WPG,CGY,0.09370521035737224,0.33499745313275914,4.974344973160707,3.4817685960696756,0.15819936063786855,13.415516836335128,0.12420171768332976,0.0,2.9,5.1,3500,11.283333333333,17.01624815361941,3.2,0.9142857142857144
21_02_02,Marco Scandella,D,STL,ARI,0.1256149900554797,0.2512299801109594,4.14529467183083,2.3866848110541143,0.12184654035381533,18.413888888888934,0.15335338929859305,0.0,3.0,6.4,3500,15.333333333333,6.260869565217528,1.6,0.4571428571428572
21_02_02,Mark Alt,D,LAK,ANA,0.1248262392764265,0.4462555719395315,3.698961727278151,2.979059642868975,0.1453585986688896,13.970618797177657,0.18420250076242756,0.0,2.8,3.8,3500,15.633333333333,6.140724946695228,1.6,0.4571428571428572
21_02_02,Mark Giordano,D,CGY,WPG,0.0,0.7981250395895346,7.6391968074998315,5.130803825932722,0.30898840818394835,22.331666666666674,0.27967104664218656,0.8240183590351471,3.1,12.7,5300,19.8833333333336,28.968985750209168,9.6,1.8113207547169812
21_02_02,Mark Pysyk,D,DAL,CBJ,1.0679851668726843,0.7119901112484563,5.517923362175537,2.1359703337453686,0.482373300370829,12.195555555555535,0.1315850455128583,0.0,2.5,3.0,3500,16.066666666667,5.975103734439711,1.6,0.4571428571428572
21_02_02,Michael Del Zotto,D,CBJ,DAL,0.12493926563476147,1.2493926563476145,4.872631359755697,3.4982994377733214,0.1986534323592708,17.653888888888808,0.12828031624661312,0.0,2.5,5.7,3600,18.36666666666667,20.907441016333934,6.4,1.777777777777778
21_02_02,Mike Reilly,D,OTT,EDM,0.0,0.48249287987937445,5.307421678673119,3.4980733791254655,0.1556039537610983,19.195555555555632,0.10113854798166518,0.7741303718419438,2.6,8.5,4000,15.80000000000003,12.151898734177191,3.2,0.8
21_02_02,Mikey Anderson,D,LAK,ANA,0.18112426752140945,0.3536109412922162,2.978191196643566,3.7939934643469275,0.11384723203579754,16.88893308080804,0.19647802123941446,0.0,2.8,9.5,3500,22.19999999999967,12.972972972973167,4.800000000000001,1.3714285714285717
21_02_02,Miro Heiskanen,D,DAL,CBJ,0.1063138621463585,1.2757663457563022,4.784123796586133,2.445218829366246,0.23282735810052513,22.4505555555556,0.17485089818220825,0.5431367397529713,2.5,11.5,5100,22.8333333333334,0.0,0.0,0.0
21_02_02,Nate Schmidt,D,VAN,MTL,0.21811572250833022,0.7634050287791558,5.234777340199925,4.47137231142077,0.23120266585883,21.511666666666716,0.2513567900481738,0.8185481586409915,2.8,10.4,4600,19.883333333333,9.656328583403347,3.2,0.6956521739130436
21_02_02,Nathan Beaulieu,D,WPG,CGY,0.1321294868971593,0.6606474344857964,5.0209205020920535,3.83175512001762,0.12420171768332976,17.45833333333332,0.15819936063786855,0.0,2.9,4.2,3500,21.9166666666667,8.760456273764245,3.2,0.9142857142857144
21_02_02,Neal Pionk,D,WPG,CGY,0.10198878123406445,1.1218765935747088,6.527281998980125,3.1616522182559987,0.23049464558898564,23.232222222222187,0.11966824644549737,0.756669662157113,2.9,11.0,4700,22.30000000000037,38.74439461883344,14.4,3.063829787234043
21_02_02,Nikita Nesterov,D,CGY,WPG,0.09370521035737224,0.3349974531327592,3.1221767917872816,2.3989660592389326,0.14879489788007563,14.53432339249974,0.17605277998805746,0.0,3.1,3.0,3500,17.1166666666667,0.0,0.0,0.0
21_02_02,Nikita Zadorov,D,CHI,CAR,0.2610208816705348,0.3915313225058022,4.04582366589329,3.3932714617169526,0.19837587006960644,16.96666666666659,0.16464632009622882,0.0,2.4,3.4,3600,19.433333333333003,9.87993138936552,3.2,0.888888888888889
21_02_02,Nikita Zaitsev,D,OTT,EDM,0.0,0.8516930356350753,3.5132337719946856,4.57785006653853,0.10113854798166518,22.098888888888844,0.1556039537610983,0.0,2.6,9.6,3700,18.38333333333334,36.55485040797823,11.2,3.0270270270270268
21_02_02,Niklas Hjalmarsson,D,ARI,STL,0.0,0.2505393555571035,2.380123877792484,4.885517433363519,0.09896304544505591,19.20277777777769,0.1560142171229029,0.0,2.5,6.3,3500,18.0333333333337,10.646950092421225,3.2,0.9142857142857144
21_02_02,Niko Mikkola,D,STL,ARI,0.08480304061547642,0.4686927218836914,4.498181221974594,3.2373561926197594,0.15335338929859305,13.923830359733179,0.12184654035381533,0.0,3.0,4.0,3500,12.350000000000332,0.0,0.0,0.0
21_02_02,Noah Hanifin,D,CGY,WPG,0.112916379148109,1.12916379148109,5.307069819961123,1.580829308073526,0.313907534031743,19.957222222222175,0.1292211186617867,0.0,3.1,7.4,3900,20.25,14.222222222222223,4.800000000000001,1.230769230769231
21_02_02,Olli Maatta,D,LAK,ANA,0.24397682220189082,0.3659652333028363,4.391582799634035,4.635559621835926,0.18420250076242756,18.896111111111114,0.1453585986688896,0.0,2.8,4.5,3700,17.033333333333,11.27201565557752,3.2,0.8648648648648649
21_02_02,Quinn Hughes,D,VAN,MTL,0.10841414202252592,1.6262121303378885,4.987050533036193,1.8430404143829404,0.19839787990122243,22.656666666666695,0.14721468808679322,0.7018887612684995,2.8,11.6,5800,23.75,82.10526315789474,32.5,5.6034482758620685
21_02_02,Rasmus Andersson,D,CGY,WPG,0.3277395077838125,0.7647255181622292,4.369860103784166,3.8236275908111463,0.27967104664218656,21.499444444444485,0.30898840818394835,0.862257927726229,3.1,10.1,4500,21.416666666666305,17.92996108949447,6.4,1.4222222222222223
21_02_02,Ryan Graves,D,COL,MIN,0.12196361418843378,0.7317816851306027,6.220144323610123,4.756580953348918,0.491513365179388,19.569999999999997,0.21849145479799562,0.0,3.0,4.4,3900,17.333333333333634,44.307692307691546,12.8,3.2820512820512824
21_02_02,Ryan Suter,D,MIN,COL,0.11361484567316794,1.5906078394243512,3.8629047528877103,3.635675061541374,0.17042226850975195,23.207222222222224,0.34058881905391797,0.6206498188660275,2.5,10.1,4500,26.950000000000298,10.686456400741998,4.800000000000001,1.0666666666666667
21_02_02,Samuel Girard,D,COL,MIN,0.32610664895223235,0.5435110815870539,4.348088652696431,3.3697687058397343,0.21849145479799562,20.919444444444384,0.491513365179388,0.5312283199722404,3.0,10.1,5100,25.783333333333,7.446670976082838,3.2,0.6274509803921569
21_02_02,Seth Jones,D,CBJ,DAL,0.09389181576339281,0.5633508945803569,5.164049866986604,4.6006989724062475,0.22346252151687487,25.174444444444386,0.34359875625253566,0.6437069647363736,2.5,12.1,4500,22.9333333333333,45.26162790697681,17.3,3.8444444444444446
21_02_02,Shea Weber,D,MTL,VAN,0.33867477813666047,0.11289159271222017,5.870362821035448,3.7254225595032655,0.14901690238013063,23.374444444444503,0.20434887073522287,0.9069889234289286,3.7,12.7,5900,23.5500000000003,28.5350318471334,11.2,1.8983050847457625
21_02_02,Torey Krug,D,STL,ARI,0.357131047253729,1.0713931417611868,6.904533580238761,2.857048378029832,0.345226679011938,20.49444444444442,0.26034164633057577,0.522212350746647,3.0,12.3,5400,23.950000000000003,20.04175365344468,8.0,1.4814814814814814
21_02_02,Tyler Myers,D,VAN,MTL,0.1097627904140497,0.768339532898348,5.2686139398743865,4.719799987804137,0.2513567900481738,21.43166666666666,0.23120266585883,0.0,2.8,9.7,4100,25.066666666666297,15.319148936170436,6.4,1.5609756097560976
21_02_02,Tyson Barrie,D,EDM,OTT,0.0,1.0728974190856535,6.00822554687966,3.8624307087083523,0.2381832270370151,22.429999999999996,0.3131615092510311,0.7440598545496221,3.9,12.6,4800,18.7833333333333,81.77462289263548,25.6,5.333333333333334
21_02_02,Victor Mete,D,MTL,VAN,0.14160405931636685,0.4248121779491006,3.5401014829091717,4.248121779491005,0.22373441371985964,14.591111111111132,0.17095377389613445,0.0,3.7,3.5,3500,14.7166666666663,6.523216308040933,1.6,0.4571428571428572
21_02_02,Vince Dunn,D,STL,ARI,0.4079936534320599,0.8159873068641198,5.983906917003545,3.671942880888539,0.28287559971289483,16.302222222222138,0.25400402414486956,0.715939123434419,3.0,7.7,3700,15.9999999999997,87.00000000000163,23.2,6.27027027027027
21_02_02,Vladislav Gavrikov,D,CBJ,DAL,0.21227040891535703,0.7429464312037496,3.6085969515610694,4.24540817830714,0.18149119962263033,20.4427777777778,0.19335382140908192,0.0,2.5,5.9,3600,16.5333333333337,40.64516129032168,11.2,3.1111111111111107
21_02_02,William Lagesson,D,EDM,OTT,0.08480304061547642,0.30317207032301885,3.7545491755781257,3.880262324450562,0.14718874586199734,13.35655430446764,0.11427616740456077,0.0,3.9,5.8,3500,8.8833333333333,10.806754221388408,1.6,0.4571428571428572
21_02_02,Zach Werenski,D,CBJ,DAL,0.48668379072597123,0.48668379072597123,7.3002568608895695,2.5307557117750505,0.34359875625253566,24.68166666666659,0.22346252151687487,0.6999823474194442,2.5,12.1,4900,22.1,0.0,0.0,0.0
