date,name,position,team,opp,evG/60,evA/60,evSH/60,evBkS/60,evixG/60,mean_TOI,lmevixG/60,pplmevixG/60,implied_team_score,ppg_projection,salary,proj_FP/60,proj_FP,proj_value
21_03_05,Patrick Kane,W,CHI,TBL,1.4395127802897454,1.7717080372796865,10.96244348066806,1.2180492756297845,0.8227369198117542,21.85444444444447,0.8212332437787538,0.9230506737425256,2.6,15.7,8600,48.41575407709796,17.63499012856372,2.0505802475074093
21_03_05,David Pastrnak,W,BOS,WSH,1.951975213013177,2.0914020139426897,12.68783888458565,1.6731216111541518,0.9592563903950472,17.764444444444383,0.744206180909746,0.7283688232773576,3.2,17.6,8400,53.15722870777834,15.738477269999207,1.873628246428477
21_03_05,Alex DeBrincat,W,CHI,TBL,1.4372822299651564,1.3066202090592334,11.106271777003483,1.56794425087108,1.0335365853658536,19.199444444444445,0.7158334110017042,0.8527841185578257,2.6,14.4,7100,49.1490231429595,15.727232322199422,2.2151031439717492
21_03_05,Evander Kane,W,SJS,VGK,0.9290322580645168,1.4599078341013834,10.882949308755768,1.0617511520737333,1.032552995391706,18.93277777777776,0.8261673937307787,0.8308117921028083,2.5,11.4,6700,48.534054932930296,15.314741278327128,2.2857822803473327
21_03_05,Nathan MacKinnon,C,COL,ANA,0.3575566959112735,2.264525740771398,9.77321635490814,1.0726700877338204,0.8116536997185906,20.830555555555524,0.6943478026483076,0.7918441886893851,3.3,18.2,8300,44.0791145086879,15.303207393548613,1.8437599269335678
21_03_05,Alex Ovechkin,W,WSH,BOS,1.5010423905489914,0.8756080611535783,10.257123002084771,2.7519110493398173,0.875608061153578,19.99111111111113,0.5800397642738093,0.6790719667694546,2.8,14.3,7900,44.80367196407365,14.927919740326184,1.8896100937121751
21_03_05,Max Pacioretty,W,VGK,SJS,1.4679171145790848,1.4679171145790848,12.544018979130362,2.402046187493048,1.0675760833302437,17.600555555555562,0.5415299372032177,0.4803615219214864,3.5,14.9,7800,50.85196290804954,14.917046637869614,1.9124418766499505
21_03_05,Kevin Fiala,W,MIN,ARI,1.2605042016806751,1.2605042016806751,10.504201680672296,1.2605042016806751,1.0434173669467812,17.571666666666633,0.8208001641004643,0.7960166035903599,2.9,11.7,5900,48.409727451235675,14.17732656995491,2.4029367067720186
21_03_05,Patrice Bergeron,C,BOS,WSH,1.0795527567150742,1.233774579102942,9.099087520884195,3.5471019149209586,0.7063359465364343,17.644444444444467,0.8706664028390525,0.8126756378968953,3.2,14.7,7700,46.72790125824976,13.741464295944576,1.7846057527200747
21_03_05,Alex Pietrangelo,D,VGK,SJS,0.3991020204539792,0.8979795460214532,7.383387378398615,4.589673235220761,0.3272636567722629,24.77666666666663,0.3556852948606385,0.8286708878354735,3.5,13.9,6500,33.234006721052445,13.723798442087915,2.111353606475064
21_03_05,Logan Couture,C,SJS,VGK,1.8040243620383971,0.8326266286331065,7.493639657697957,3.1917354097602413,0.9061753141623642,18.776666666666628,0.8893562343454497,0.8729376858459222,2.5,13.1,7600,42.89799735243896,13.424689949238232,1.7664065722681885
21_03_05,Gabriel Landeskog,W,COL,ANA,0.8648500240236159,1.6061500446152868,7.1659001990528175,2.223900061775012,0.7474775207632679,20.581666666666585,0.7264358921259689,0.8132362483411594,3.3,13.8,6500,39.04750650661135,13.394379384726157,2.060673751496332
21_03_05,Timo Meier,W,SJS,VGK,0.7136343813186383,1.2845418863735492,12.702691987471765,1.1418150101098214,0.9990881338460936,16.159999999999982,0.6386218088968152,0.6088659493274045,2.5,10.9,5600,49.009059001485376,13.199773224400047,2.3571023615000084
21_03_05,Anze Kopitar,C,LAK,STL,0.6028333165879659,1.2056666331759318,5.907766502562066,3.134733246257423,0.8258816437255135,22.01499999999992,0.7545308011040837,0.732662661766752,2.6,12.8,7400,35.65563423313558,13.082646460707947,1.7679251973929657
21_03_05,Brent Burns,D,SJS,VGK,0.2778778366695821,0.5557556733391642,5.928060515617751,3.982915658930677,0.2926979879586264,27.307222222222265,0.1497181232864054,0.8812470929250327,2.5,12.6,6300,28.3442063884084,12.900025709346668,2.047623128467725
21_03_05,Mikko Rantanen,W,COL,ANA,1.0342227169892697,1.292778396236587,7.756670377419521,1.5513340754839045,0.6412180845333473,19.49722222222212,0.7795656102409292,0.8486560604177994,3.3,16.6,8100,39.684725470476735,12.895698522096053,1.5920615459377843
21_03_05,Shea Theodore,D,VGK,SJS,0.7073287113705878,0.8083756701378146,8.184803660145375,3.031408763016805,0.3556852948606385,22.680000000000053,0.3272636567722629,0.6271651622736756,3.5,13.5,5900,33.214859859451465,12.555217026872684,2.1280028859106244
21_03_05,Joel Eriksson Ek,C,MIN,ARI,1.3115284974093335,0.8743523316062227,8.889248704663263,1.3115284974093335,1.1060556994818715,16.96722222222214,0.7894809978329191,0.7751371594119965,2.9,10.2,4700,44.31484241284251,12.531662982690895,2.666311272912956
21_03_05,William Karlsson,C,VGK,SJS,1.535359801488828,1.3957816377171162,6.8393300248138695,2.0936724565756744,0.8318858560794014,18.40111111111116,0.8663988476312452,0.8275992317541642,3.5,12.0,5800,40.65289093604029,12.467639385032687,2.149592997419429
21_03_05,Conor Garland,W,ARI,MIN,1.136363636363635,1.704545454545452,9.517045454545444,0.9943181818181804,0.9289772727272716,16.971666666666682,0.7680630233376682,0.8221959465178109,2.6,12.1,5700,43.70956261533558,12.363735447554516,2.16907639430781
21_03_05,Brad Marchand,W,BOS,WSH,1.5843168633726772,1.7283456691338297,7.63352670534108,1.2962592518503722,0.7820764152830578,18.539444444444424,0.8327961684657408,0.7874288149813541,3.2,14.8,7500,39.8096607637605,12.300816568031944,1.6401088757375926
21_03_05,Jonathan Marchessault,W,VGK,SJS,1.0909090909090933,1.500000000000003,8.727272727272746,0.9545454545454568,0.8877272727272749,16.72277777777775,0.8384781393073084,0.808985426204873,3.5,10.4,6000,43.86642740603403,12.226141956935445,2.037690326155907
21_03_05,Dustin Brown,W,LAK,STL,1.477446554490158,0.8058799388128136,8.998992650076419,0.8058799388128136,0.90795806439577,18.212222222222326,0.7134925907689553,0.7053038548766665,2.6,10.7,5800,40.278474059030536,12.226008672251359,2.1079325296985103
21_03_05,Victor Hedman,D,TBL,CHI,0.5190311418685111,0.93425605536332,5.397923875432516,3.6332179930795774,0.2512110726643594,25.013333333333367,0.1724688597892043,0.7831982093030943,3.5,14.8,6800,29.274669161061546,12.204284299144785,1.7947476910507036
21_03_05,Alex Iafallo,W,LAK,STL,0.3894839337877304,1.428107757221678,6.36157091853293,1.9474196689386525,0.6011035378123972,20.24555555555559,0.8669198540606418,0.807588697071124,2.6,10.7,4700,35.295298188527305,11.909548672095502,2.5339465259777665
21_03_05,Steven Stamkos,W,TBL,CHI,2.032995845266426,1.887781856318824,7.11548545843249,1.887781856318824,1.0745835182122536,18.005555555555578,0.6226470144840988,0.6860697730000411,3.5,15.8,8200,39.122529479104664,11.740381300164664,1.4317538170932518
21_03_05,Justin Faulk,D,STL,LAK,0.5042581801882559,0.4034065441506047,7.059614522635583,3.025549081129536,0.2844016136261763,23.500000000000018,0.3212278040510395,0.7325034977939963,2.9,10.3,4300,29.636180339964373,11.607503966486055,2.6994195270897805
21_03_05,Rickard Rakell,W,ANA,COL,0.5061333520790134,1.5184000562370403,9.363467013461747,1.7714667322765472,0.9540613686689404,18.206666666666653,0.4393916934480537,0.5784545692938798,2.2,11.7,5500,38.057865728063085,11.548447922593358,2.099717804107883
21_03_05,Brayden Point,C,TBL,CHI,1.0732652604904234,1.3415815756130292,6.439591562942541,1.6098978907356352,0.814340016397109,18.235,0.8159850740881425,0.7728176069384226,3.5,13.6,7300,37.787430426157606,11.4842298970164,1.5731821776734796
21_03_05,Jeff Carter,W,LAK,STL,0.8927464352138871,0.8927464352138871,9.522628642281465,1.4879107253564785,0.7320520768753874,16.837777777777784,0.7197347416581515,0.6633006325565304,2.6,9.9,4100,40.87006076499399,11.469350015420725,2.797402442785543
21_03_05,John Carlson,D,WSH,BOS,0.2070036225633948,1.345523546662067,5.485595997929964,3.519061583577713,0.3198205968604451,24.324444444444445,0.1199417758369721,0.7282059903654854,2.8,12.4,6500,28.097116850818026,11.390779298113115,1.7524275843250945
21_03_05,Nazem Kadri,C,COL,ANA,0.9383552717320508,1.251140362309401,8.601589990877132,1.251140362309401,0.9868369607715398,16.710555555555516,0.5580147286457274,0.733449768338402,3.3,11.0,6600,40.74447699025233,11.347714105461083,1.719350622039558
21_03_05,Craig Smith,W,BOS,WSH,0.6440071556350584,0.6440071556350584,11.91413237924858,1.2880143112701168,0.9676207513416752,14.462777777777864,0.5174978339023049,0.5325178288612695,3.2,8.8,4000,46.53800237338983,11.217813109133933,2.8044532772834834
21_03_05,Charlie McAvoy,D,BOS,WSH,0.4095213718965938,1.2285641156897815,4.914256462759126,4.299974404914235,0.3122600460711527,23.44388888888899,0.1042886736383364,0.677552136354738,3.2,11.8,5500,28.12742063996882,10.990268736907863,1.9982306794377935
21_03_05,Jakob Chychrun,D,ARI,MIN,0.5296766030073872,0.8474825648118195,6.144248594885692,4.025542182856142,0.2923814848600777,22.91222222222216,0.1753054700803627,0.8488912780701761,2.6,12.0,4500,28.65502258267823,10.942504086618634,2.4316675748041408
21_03_05,Clayton Keller,W,ARI,MIN,1.1300765155974075,1.4125956444967591,8.334314302530881,1.1300765155974075,0.8489699823425525,16.771666666666693,0.5871841904074157,0.8488650433127173,2.6,9.8,5900,38.71639431223529,10.822307665667342,1.8342894348588716
21_03_05,T.J. Oshie,W,WSH,BOS,0.413175714449671,1.2395271433490131,6.197635716745066,3.0299552392975877,0.7437162860094078,17.828888888888958,0.774672771619392,0.7230358918175113,2.8,10.0,5600,36.167544991455266,10.747119017275804,1.919128395942108
21_03_05,Kevin Labanc,W,SJS,VGK,0.585223116313093,1.0241404535479126,8.1931236283833,1.316752011704459,0.7461594732991934,15.991111111111136,0.9693641547770352,0.7353302796008547,2.5,9.9,4700,40.31267987656822,10.744075718214273,2.2859735570668662
21_03_05,Reilly Smith,W,VGK,SJS,1.0111953773925657,1.1556518598772176,5.922715781870742,1.30010834236187,0.8450704225352154,17.25499999999994,0.8598065644033381,0.8232043762688929,3.5,10.9,4600,37.19881628683748,10.697759583822974,2.3255999095267335
21_03_05,Christian Dvorak,C,ARI,MIN,0.4240615674572006,0.8481231349144012,5.37144652112454,2.261661693105069,0.805716978168681,18.370000000000022,0.8296931706169633,0.8632827113706742,2.6,10.7,4900,34.939225637700176,10.697226249409217,2.183107397838616
21_03_05,Alex Tuch,W,VGK,SJS,1.217038539553756,0.9127789046653167,8.367139959432071,2.281947261663292,0.7500000000000021,15.766111111111073,0.4896956359151452,0.8548945171139639,3.5,10.2,4800,40.70302010377714,10.69547229189897,2.2282233941456187
21_03_05,Nick Schmaltz,C,ARI,MIN,1.1455391591424322,0.71596197446402,7.732389324211415,1.861501133606452,0.8119008790421989,16.73722222222228,0.6057187420575925,0.8612214110795017,2.6,10.2,4300,38.21444539905164,10.660061079048452,2.479083971871733
21_03_05,Mark Stone,W,VGK,SJS,0.9677419354838708,2.903225806451613,5.944700460829493,2.6267281105990787,0.6870967741935486,18.49388888888889,0.7317695917715651,0.6071879583003846,3.5,14.6,7400,34.50539627026113,10.635649411488174,1.437249920471375
21_03_05,Anthony Cirelli,C,TBL,CHI,0.7464543418760917,1.1943269470017468,6.419507340134389,2.6872356307539302,0.5837272953471039,17.826666666666604,0.8680751259166737,0.5428348905308429,3.5,10.1,5700,35.743863805935796,10.619899090785776,1.8631401913659256
21_03_05,Alex Killorn,W,TBL,CHI,0.7692636437454579,1.2308218299927325,6.307961878712755,0.6154109149963662,0.6615667336210937,17.931666666666686,0.8291554067796787,0.8237420345304277,3.5,10.1,4700,35.526156874970944,10.617386717161468,2.2590184504598865
21_03_05,Jakob Silfverberg,W,ANA,COL,0.755318702530319,0.9063824430363828,8.30850572783351,2.265956107590957,0.6782761948722265,17.209444444444422,0.6178298178129082,0.6703829605594511,2.2,9.2,5000,36.60919497164583,10.50039845033955,2.10007969006791
21_03_05,Ryan O'Reilly,C,STL,LAK,0.7500520869504855,1.8751302173762132,6.000416695603884,1.250086811584142,0.5437877630391019,20.831666666666607,0.7919496968536183,0.5269283796045358,2.9,11.9,6900,30.13900387494457,10.46409470647031,1.516535464705842
21_03_05,Drew Doughty,D,LAK,STL,0.1927607624759056,0.6746626686656697,3.08417219961449,2.891411437138584,0.2554080102805749,26.390555555555476,0.0968011002290869,0.7559674072564424,2.6,11.5,6000,23.788343325593203,10.46312660181158,1.743854433635263
21_03_05,Ondrej Palat,W,TBL,CHI,0.744632441153351,0.744632441153351,5.957059529226808,3.127456252844074,0.5823025689819207,16.09277777777781,0.9320037977957368,0.8501634227434854,3.5,12.2,5700,38.794531107009476,10.405196134969867,1.8254730061350641
21_03_05,Torey Krug,D,STL,LAK,0.1070759346836798,1.1778352815204782,6.638707950388151,2.998126171143036,0.3212278040510395,21.933888888888895,0.2844016136261763,0.5311432254631773,2.9,11.5,5300,28.344622876397167,10.361796812805897,1.9550560024162071
21_03_05,Erik Karlsson,D,SJS,VGK,0.1059322033898301,0.6355932203389809,5.190677966101678,3.707627118644056,0.2288135593220331,24.38500000000005,0.0882053305209076,0.7389400108336343,2.5,9.8,4500,25.352224438286484,10.30356654879362,2.2896814552874716
21_03_05,Dominik Kubalik,W,CHI,TBL,1.2232935479760518,0.6116467739880259,9.786348383808416,1.070381854479045,0.93581956420168,15.311111111111025,0.5568213777558495,0.5306863059865687,2.6,10.0,5000,39.6086779012522,10.107547805171338,2.0215095610342675
21_03_05,Carl Soderberg,C,CHI,TBL,0.643748044168266,1.1265590772944656,8.529661585229524,2.0921811435468647,0.9076847422772552,14.899444444444498,0.491564507884026,0.8947347329206918,2.6,8.8,3300,40.495857291872944,10.056096265840226,3.047301898739463
21_03_05,Zach Sanford,W,STL,LAK,0.932119276744478,0.466059638372239,7.612307426746571,2.796357830233434,0.7596772105467494,15.50500000000013,0.6840049730997946,0.7189166414176198,2.9,9.1,4400,38.85802725455258,10.041561876364048,2.2821731537191017
21_03_05,Jared Spurgeon,D,MIN,ARI,0.5992609115424294,0.4794087292339435,5.153643839264893,4.913939474647921,0.3799314179179002,21.99611111111116,0.185223060207081,0.4909298549412397,2.9,10.0,4300,27.354643171373908,10.02826284337231,2.3321541496214673
21_03_05,Jake DeBrusk,W,BOS,WSH,0.1523551567988491,0.4570654703965473,9.598374878327494,1.0664860975919437,0.7267340979305101,14.736666666666643,0.5707229373564937,0.652961155566852,3.2,8.4,4500,40.166864910366805,9.865428320485076,2.192317404552239
21_03_05,Adrian Kempe,W,LAK,STL,0.6393748334961382,0.4795311251221037,7.35281058520559,1.5984370837403454,0.6889263830920889,17.000555555555522,0.550432414353288,0.7783144153112268,2.6,6.7,4800,34.57658805863938,9.797020103540941,2.0410458549043624
21_03_05,Samuel Girard,D,COL,ANA,0.5300041222542853,0.7420057711559995,4.240032978034282,2.54401978682057,0.209881632412697,21.991666666666607,0.4552529182879374,0.7967965664466865,3.3,12.7,5300,26.71154041494492,9.790521549311034,1.8472682168511383
21_03_05,Brayden Schenn,C,STL,LAK,1.4898092906162717,1.3656585163982489,7.200744904645313,1.3656585163982489,0.7411801220815951,18.93722222222222,0.4533350045565462,0.4611309265903713,2.9,11.6,6300,30.863386108479823,9.741113354442145,1.5462084689590707
21_03_05,Mike Hoffman,W,STL,LAK,1.3339371732059837,1.6303676561406468,8.300053522170566,1.0375066902713208,0.6136110996747525,15.936666666666616,0.573068249307688,0.7919496968536183,2.9,9.8,5200,36.65932167227118,9.737123161951555,1.8725236849906837
21_03_05,Jakub Vrana,W,WSH,BOS,1.3979979288919524,0.9319986192613016,9.475319295823232,0.4659993096306508,0.7704521919226759,15.121666666666703,0.5155264248923467,0.7141239231797553,2.8,10.2,4600,38.521008234642295,9.7083641031364,2.110513935464435
21_03_05,Ryan Suter,D,MIN,ARI,0.1150453790106093,1.6106353061485312,4.026588265371328,3.911542886360718,0.185223060207081,22.641111111111165,0.3799314179179002,0.8578667944294652,2.9,9.6,3900,25.28232019484194,9.5403303446351,2.4462385499064356
21_03_05,Mikhail Sergachev,D,TBL,CHI,0.115196313717961,1.1519631371796102,4.49265623500048,3.45588941153883,0.2280887011615628,21.83500000000001,0.1708365257651195,0.5530579917349081,3.5,9.4,4800,26.168332987250842,9.523092512943709,1.9839776068632728
21_03_05,Nicklas Backstrom,C,WSH,BOS,1.0620252230990452,1.7257909875359487,5.575632421269988,2.389556751972852,0.52304742237628,18.105000000000054,0.6392288096655446,0.7965921796952206,2.8,10.6,6500,31.36224364566047,9.463557020078074,1.4559318492427806
21_03_05,Ryan Graves,D,COL,ANA,0.1207567422514423,0.4830269690057692,6.762377566080768,4.588756205554806,0.4552529182879374,20.058333333333337,0.209881632412697,0.0,3.3,11.3,4200,28.204015959601556,9.428759224272357,2.2449426724457995
21_03_05,Nick Ritchie,W,BOS,WSH,0.7758286280763705,0.9309943536916448,7.13762337830261,1.8619887073832897,0.6966941080125808,15.048333333333424,0.652961155566852,0.8158895840715131,3.2,8.7,4200,37.15694486707683,9.31916820013441,2.218849571460574
21_03_05,Blake Coleman,W,TBL,CHI,0.4692999608916682,0.9385999217833364,7.97809933515836,2.033633163863896,1.0496675791943644,15.76666666666671,0.6983212926895148,0.0,3.5,7.4,3800,35.408915497858246,9.304676128048332,2.4485989810653503
21_03_05,Devon Toews,D,COL,ANA,0.3222533866443867,0.8593423643850311,4.726383004117671,3.86704063973264,0.1847586083427817,22.45500000000005,0.2333856147884543,0.502870567561469,3.3,12.4,4600,24.729335368079177,9.254953761503653,2.0119464698920986
21_03_05,Matt Dumba,D,MIN,ARI,0.5572237872643411,0.5572237872643411,5.349348357737674,3.5662322384917826,0.2306906479274372,22.219999999999995,0.1476769418269385,0.4909298549412397,2.9,9.8,4800,24.97909940029833,9.250593144577147,1.927206905120239
21_03_05,Duncan Keith,D,CHI,TBL,0.0,0.6310622881851136,4.838144209419204,4.522613065326647,0.1251606871567142,24.37388888888885,0.1568805862813576,0.6319696205403466,2.6,9.2,4600,22.664645443921625,9.207092495936775,2.0015418469427773
21_03_05,Ryan Getzlaf,C,ANA,COL,0.0,1.105820918445704,5.805559821839945,4.561511288588529,0.5764091537398232,17.256111111111156,0.6793338585140265,0.5290392649745062,2.2,9.3,4800,31.852897720964286,9.160952371396984,1.9085317440410383
21_03_05,Jordan Greenway,W,MIN,ARI,0.6000500041670109,2.250187515626291,6.750562546878873,1.800150012501033,0.5355446287190572,15.580000000000071,1.0747365332143264,0.468622468052331,2.9,10.2,4000,35.01051482838826,9.091063683771527,2.2727659209428817
21_03_05,Adam Henrique,C,ANA,COL,1.217398655788981,0.6086993278944907,5.782643614997661,3.804370799340567,0.6178298178129082,16.663333333333362,0.6782761948722265,0.6905317529125572,2.2,8.5,3700,32.62308559825341,9.060155828092727,2.4486907643493856
21_03_05,Ryan Donato,W,SJS,VGK,0.8505410386051039,1.0206492463261247,8.50541038605104,2.2114067003732703,0.9526059632377162,13.1177777777779,0.5684860131149451,0.8574608028208047,2.5,7.7,3100,41.128251464412365,8.991854384978831,2.900598188702849
21_03_05,Phil Kessel,W,ARI,MIN,1.0349926071956654,0.8871365204534274,7.097092163627419,0.8871365204534274,0.7304090685066552,16.27166666666663,0.8673471254479763,0.4273793468107022,2.6,10.0,6400,32.99306757600362,8.947536631792294,1.3980525987175458
21_03_05,Jordan Kyrou,W,STL,LAK,1.5820003515556376,1.740200386711201,8.85920196871157,0.6328001406222551,0.8242221831604871,13.75277777777775,0.6517324867929257,0.6866441551107509,2.9,9.9,4600,38.89918921427829,8.91619841666164,1.9383040036220955
21_03_05,Pius Suter,C,CHI,TBL,0.928291212103258,0.6952207363033717,7.249784558194432,1.4324746537892308,0.6089299021916541,14.858295783358756,0.928136752588804,0.6396495266565774,2.6,8.8,4400,35.88522029633545,8.886553623565684,2.0196712780831096
21_03_05,Brandon Saad,W,COL,ANA,1.2135001896094075,0.7584376185058797,7.736063708759973,0.7584376185058797,0.6416382252559741,15.529444444444408,0.7306140964035103,0.4566146816633005,3.3,8.1,4500,34.22489925681367,8.858227860423245,1.9684950800940544
21_03_05,Chandler Stephenson,C,VGK,SJS,0.5676890325632786,1.1353780651265573,5.251123551210327,1.844989355830656,0.3959631002128868,16.517777777777653,0.8773364287618961,0.7042325162939388,3.5,7.8,4400,31.812283801825835,8.757803907369246,1.9904099789475558
21_03_05,Carl Hagelin,W,WSH,BOS,0.8751458576429446,0.8751458576429446,9.101516919486626,0.8751458576429446,1.011668611435244,14.647777777777714,0.724060414814151,0.0,2.8,4.7,3300,35.10230198714573,8.569511983269262,2.5968218131118976
21_03_05,Evgeny Kuznetsov,C,WSH,BOS,0.5592233009708707,1.2582524271844588,6.291262135922295,1.5378640776698944,0.5172815533980553,16.51111111111119,0.7592030181515707,0.5754017012789883,2.8,9.0,6200,31.005888129466364,8.532361066738378,1.3761872688287706
21_03_05,Tom Wilson,W,WSH,BOS,0.976933514246949,1.3956193060670696,5.442915293661572,2.2329908897073114,0.5080054274084134,17.68999999999998,0.6467498071494779,0.5800397642738093,2.8,10.0,4900,28.654694547371825,8.448359109050118,1.7241549202143098
21_03_05,Kirill Kaprizov,W,MIN,ARI,0.8412835725924899,1.7022439393856923,5.979822473567588,1.1754564334017925,0.7533971311303106,15.859192578360885,0.4669759496062226,0.8926900155291834,2.9,12.6,5200,31.9122485408706,8.435041586969716,1.6221233821095606
21_03_05,Oliver Ekman-Larsson,D,ARI,MIN,0.116279069767442,1.279069767441863,4.418604651162799,2.4418604651162834,0.2453488372093027,21.169444444444416,0.1072533516672396,0.5283892540426866,2.6,8.5,4900,23.53020546256509,8.302022955102236,1.6942903990004563
21_03_05,Ryan Carpenter,C,CHI,TBL,0.5619439096727156,0.0,7.867214735418017,1.4985170924605746,0.8279306935844677,13.45500000000008,0.405696113446247,0.9213194158182876,2.6,4.6,3600,36.768553017647804,8.245348014207568,2.2903744483909914
21_03_05,Andreas Athanasiou,W,LAK,STL,1.3025780189959273,0.6512890094979636,7.489823609226581,1.3025780189959273,0.8222523744911793,13.945555555555584,0.6746345928502556,0.6332338666845998,2.6,7.9,3700,35.362465975178374,8.219153897304901,2.221392945217541
21_03_05,Cam Fowler,D,ANA,COL,0.2223938223938217,1.0007722007721978,4.781467181467168,2.335135135135128,0.2223938223938217,21.91166666666671,0.1573428443661935,0.5448292278962784,2.2,8.9,4800,22.479981347465255,8.209564299309063,1.710325895689388
21_03_05,David Krejci,C,BOS,WSH,0.0,0.9705372616984432,4.159445407279042,2.079722703639521,0.3383015597920288,16.77055555555551,0.832157429677128,0.8471774246360927,3.2,8.9,5300,29.18912630171257,8.15863107101662,1.5393643530220036
21_03_05,Tyler Pitlick,W,ARI,MIN,0.643517897841532,0.8043973723019149,5.469902131653021,4.021986861509575,0.4922911918487719,15.920555555555586,0.6880009826696634,0.5464382851396439,2.6,8.2,3600,30.73388717619263,8.155009303779202,2.2652803621608895
21_03_05,Matt Grzelcyk,D,BOS,WSH,0.1323237521135051,0.793942512681031,5.557597588767217,3.440417554951134,0.2117180033816082,17.487777777777694,0.1359563291791119,0.7860907150567801,3.2,8.6,3800,27.90008754586531,8.131842183043926,2.1399584692220857
21_03_05,Lars Eller,C,WSH,BOS,1.0521920668058429,0.901878914405008,6.613778705636725,2.1043841336116853,0.8808350730688912,16.57833333333338,0.7061133780896502,0.0,2.8,6.3,4700,29.266581169767456,8.08651896932438,1.720535950920081
21_03_05,David Perron,W,STL,LAK,0.7752494436867446,1.292082406144574,5.685162587036126,0.904457684301202,0.3579068265020471,18.200555555555503,0.6449716523463201,0.5888886917835541,2.9,11.3,7000,26.566199402528817,8.058659802094853,1.151237114584979
21_03_05,Kevin Shattenkirk,D,ANA,COL,0.0,0.5319777751507262,4.149426646175665,3.2982622059345035,0.1883201324033571,21.621111111111134,0.1482602272244254,0.672356269137645,2.2,9.0,3700,22.066492786310686,7.9517015394225945,2.149108524168269
21_03_05,Rudolfs Balcers,W,SJS,VGK,0.6182876720334599,1.1790691944039653,6.178227507676846,3.4566571357316547,0.6336540989083443,12.421431552418586,0.8213388263656898,0.9637780909305956,2.5,8.5,3300,38.020743776802085,7.8712011065932,2.385212456543394
21_03_05,Alec Martinez,D,VGK,SJS,0.3114097056024911,0.9342291168074732,3.8407197024307234,9.03088146247224,0.2096825351056773,22.31555555555557,0.1866285305684676,0.0,3.5,12.8,3800,21.121477114192004,7.85562493261912,2.067269719110295
21_03_05,J.T. Compher,C,COL,ANA,0.4969172724763017,0.3312781816508678,4.306616361461282,4.140977270635847,0.3577804361829373,16.89666666666673,0.6271237236002606,0.5512339446876462,3.3,7.8,3800,27.86877637061061,7.8481570790347615,2.065304494482832
21_03_05,Matt Roy,D,LAK,STL,0.0,0.5911524187986473,5.438602252947556,3.546914512791884,0.1501527143748564,19.329999999999988,0.119155169406533,0.6804884936362446,2.6,8.3,3500,24.146260123346273,7.779120136404719,2.222605753258491
21_03_05,Mats Zuccarello,W,MIN,ARI,0.8984651220831118,2.0964186181939275,4.642069797429411,2.0964186181939275,0.5285969801588973,15.548333333333286,0.5793760250919292,0.9676233991863212,2.9,10.3,5400,29.89932041240209,7.74807667020273,1.4348290130005055
21_03_05,Mattias Janmark,W,CHI,TBL,0.5821004123211259,0.4365753092408445,5.529953917050696,0.7276255154014073,0.4860538442881401,16.621111111111095,0.7023799568785837,0.6806082126244154,2.6,7.5,4100,27.713872575197257,7.677255923192136,1.8725014446810087
21_03_05,Max Comtois,W,ANA,COL,1.5596568754874085,0.7798284377437043,6.862490252144598,2.807382375877334,0.7923056927476037,14.544999999999876,0.5713855890101363,0.4210909954706159,2.2,5.5,4300,31.644620722462186,7.671183473470142,1.7839961566209632
21_03_05,Justin Schultz,D,WSH,BOS,0.3604084629246467,0.3604084629246467,4.685310018020407,3.844356937862898,0.2138423546686237,18.99000000000005,0.1773919164662402,0.5560283186520106,2.8,7.9,4200,24.083564382752854,7.622448127141299,1.8148686017003093
21_03_05,Yanni Gourde,C,TBL,CHI,1.0918544194107478,0.935875216637784,5.303292894280776,0.7798960138648199,0.7299826689774715,15.965555555555529,0.6153856494762074,0.4940830993207203,3.5,10.7,4200,28.365019439932837,7.547721561711004,1.7970765623121439
21_03_05,Vince Dunn,D,STL,LAK,0.3633060853769307,0.6055101422948846,4.480775052982145,3.027550711474423,0.1852861035422347,18.17444444444442,0.1439809611952139,0.7325034977939963,2.9,8.7,3800,24.911533644502292,7.545888070798582,1.9857600186312057
21_03_05,Jonas Brodin,D,MIN,ARI,0.2140245533723746,1.1771350435480603,5.243601557623178,4.922564727564616,0.1476769418269385,22.57444444444429,0.2306906479274372,0.0,2.9,9.0,4100,19.88576091951128,7.4818334185501465,1.8248374191585723
21_03_05,Ryan McDonagh,D,TBL,CHI,0.1107249407929137,0.5536247039645688,3.54319810537324,5.536247039645688,0.1948758957955282,21.50277777777775,0.2036199095022627,0.0,3.5,10.4,4200,20.5175881646295,7.3530856473331845,1.7507346779364725
21_03_05,Tyler Johnson,W,TBL,CHI,0.4985228951255536,0.8308714918759225,5.816100443131458,1.8279172821270293,0.4852289512555388,14.082777777777784,0.7377625083371738,0.5756676718946979,3.5,8.3,4300,31.27247176165062,7.340054506352611,1.7069894200820026
21_03_05,Oskar Sundqvist,C,STL,LAK,0.4898625663355577,0.4898625663355577,5.388488229691135,2.286025309565936,0.481698190229965,15.422777777777728,0.6390247040300816,0.5476249038742481,2.9,8.2,3600,28.21403007722627,7.252311934943296,2.0145310930398046
21_03_05,Tyson Jost,W,COL,ANA,0.5222437137330747,0.5222437137330747,7.137330754352019,1.218568665377174,0.6963249516440994,14.750555555555572,0.7475103037271873,0.0,3.3,4.5,3200,29.470689393647206,7.245150686025258,2.264109589382893
21_03_05,Sean Kuraly,W,BOS,WSH,0.510614155359088,0.510614155359088,9.020850078010556,2.3828660583424104,0.5208264384662699,13.542222222222152,0.5168672400594099,0.0,3.2,4.7,3100,32.04042983222038,7.23164368139074,2.3327882843195935
21_03_05,Connor Murphy,D,CHI,TBL,0.3107734806629824,0.5179558011049705,5.179558011049706,5.2831491712707,0.1626381215469607,22.39277777777784,0.1688334080485535,0.0,2.6,10.1,3600,19.180255002243335,7.158319799772447,1.9884221666034576
21_03_05,Gabriel Vilardi,C,LAK,STL,0.8121277747698998,0.8121277747698998,5.197617758527359,1.13697888467786,0.6172171088251238,14.50888888888885,0.7771522256832833,0.7015789552399516,2.6,8.9,3500,29.387881595415983,7.1064251457952015,2.0304071845129146
21_03_05,Nick Bonino,C,MIN,ARI,0.3508942930942061,0.7017885861884122,4.912520103318886,6.491544422242813,0.5579219260197879,15.381111111111087,0.5878362284845575,0.0,2.9,6.3,3600,27.57616336069504,7.0692005444833494,1.9636668179120418
21_03_05,Nick Bjugstad,W,MIN,ARI,0.7584935475375301,0.7584935475375301,9.291545957334744,3.223597577034503,0.804003160389782,11.703333333333337,0.599097677267535,0.0,2.9,5.6,4100,36.23262878898618,7.067375537673919,1.72375013113998
21_03_05,David Backes,W,ANA,COL,0.4150334332487897,1.0375835831219744,10.998385981092929,4.150334332487898,0.7906386903389444,10.59666666666666,0.5320185513843889,0.0,2.2,3.2,3100,39.5779812699218,6.989911247615629,2.2548100798760093
21_03_05,Andre Burakovsky,W,COL,ANA,0.9211480233698656,1.8422960467397311,4.605740116849328,1.8422960467397311,0.4743912320354808,15.0738888888889,0.814237593013757,0.512363679403465,3.3,8.4,4800,27.82119300559379,6.989559535377564,1.4561582365369927
21_03_05,Pierre-Edouard Bellemare,C,COL,ANA,0.375410605349601,0.1877053026748005,7.508212106992019,2.815579540122008,0.7001407789770061,12.59888888888889,0.7456023900607339,0.0,3.3,5.0,3100,32.64802487396872,6.855480630480211,2.211445364671036
21_03_05,Jordan Oesterle,D,ARI,MIN,0.1234991423670667,0.864493996569467,3.334476843910801,4.569468267581469,0.1766037735849054,19.30111111111114,0.1171112556929085,0.5283892540426866,2.6,9.0,3700,21.071735408265372,6.77846510698108,1.832017596481373
21_03_05,Carl Grundstrom,W,LAK,STL,0.5160303884562075,0.5160303884562075,6.19236466147449,2.06412155382483,0.550432414353288,12.595000000000034,0.6889263830920889,0.7238405200638969,2.6,6.3,3200,32.04506398974569,6.726793015847468,2.102122817452334
21_03_05,Brandon Carlo,D,BOS,WSH,0.2471933257802034,0.3707899886703051,5.191059841384272,3.3371098980327463,0.1359563291791119,19.360000000000028,0.2117180033816082,0.0,3.2,7.4,3600,20.512342140350277,6.618649063953032,1.8385136288758421
21_03_05,Calvin de Haan,D,CHI,TBL,0.1165765357339464,0.6994592144036785,5.595673715229428,5.945403322431267,0.1655386807422039,20.015000000000004,0.1741451209341122,0.0,2.6,8.1,3600,19.71426745452113,6.576351051704009,1.8267641810288913
21_03_05,Barclay Goodrow,W,TBL,CHI,0.8358098068350629,1.0029717682020756,5.18202080237739,2.8417533432392137,0.7455423476968761,14.837222222222277,0.6076058101165052,0.0,3.5,4.7,3600,26.145965174465402,6.46555825846713,1.7959884051297583
21_03_05,Alex Goligoski,D,ARI,MIN,0.0,0.3226481044423854,3.441579780718778,4.301974725898472,0.1753054700803627,22.212777777777823,0.2923814848600777,0.0,2.6,8.8,3500,17.382083576266773,6.435072663239591,1.838592189497026
21_03_05,Danton Heinen,W,ANA,COL,0.7810804946843143,0.6248643957474515,6.56107615534824,2.499457582989806,0.7982642655673691,14.79333333333332,0.5282057637701765,0.0,2.2,4.8,3300,25.957342469538602,6.399926993322901,1.939371816158455
21_03_05,Adam Boqvist,D,CHI,TBL,0.3002502085070899,1.2010008340283598,3.60300250208508,3.60300250208508,0.1741451209341122,15.902777777777752,0.1655386807422039,0.8979722352598327,2.6,7.8,3700,23.99274222691478,6.359187465235504,1.7186993149285146
21_03_05,Lawson Crouse,W,ARI,MIN,0.341135222211694,0.341135222211694,6.652136833128034,2.558514166587705,0.938121861082158,13.738888888888862,0.4650856480529702,0.0,2.6,4.0,3200,27.59193951263301,6.318043186550121,1.9743884957969127
21_03_05,John Leonard,W,SJS,VGK,0.6148849489554506,0.8759029496939933,5.953448331616058,1.4789037641254414,0.4715724253556156,11.57681778042697,0.8090027820559953,0.8726238035726436,2.5,5.0,3500,32.44491700791893,6.260148201695888,1.7886137719131108
21_03_05,Mario Ferraro,D,SJS,VGK,0.1109023135454855,0.7763161948183985,4.103385601182964,4.325190228273935,0.1497181232864054,21.551666666666645,0.2926979879586264,0.0,2.5,6.7,3700,17.407323718719933,6.252613972410201,1.689895668218973
21_03_05,Dylan Gambrell,C,SJS,VGK,0.4732275874156514,0.7887126456927522,4.890018403295064,3.154850582771009,0.6435895188852859,15.034444444444448,0.816371116377219,0.0,2.5,6.5,3500,24.941321123388065,6.249648446677111,1.7856138419077459
21_03_05,Joonas Donskoi,W,COL,ANA,0.858901560337833,1.0306818724054,5.153409362026999,2.4049243689459323,0.5376723767714835,13.62500000000001,0.5371777533059875,0.4912699644914641,3.3,8.0,3500,27.51949749893221,6.249219223715861,1.7854912067759603
21_03_05,Dmitry Orlov,D,WSH,BOS,0.2111808529360002,0.3167712794040003,3.801255352848004,3.167712794040004,0.1773919164662402,20.306666666666683,0.2138423546686237,0.0,2.8,6.1,3500,18.431021340058642,6.237876777979852,1.7822505079942434
21_03_05,Marcus Foligno,W,MIN,ARI,1.2561608583765864,1.099140751079513,5.9667640772887856,2.9833820386443928,0.6437824399180007,14.520000000000003,0.5449059715354511,0.0,2.9,5.8,3600,25.62820170664604,6.202024813008342,1.722784670280095
21_03_05,Conor Sheary,W,WSH,BOS,0.9940174873446852,0.8283479061205711,5.467096180395769,1.822365393465256,0.6427979751495633,12.761111111111108,0.6964448072758167,0.5126434904032343,2.8,6.4,3800,29.017793526523377,6.171654789854091,1.62411968154055
21_03_05,Nicolas Hague,D,VGK,SJS,0.2717801600483153,1.358900800241576,5.299713120942148,3.3972520006039413,0.2296542352408264,15.975000000000062,0.1535622831103281,0.0,3.5,6.3,3600,23.164793710408123,6.167626325396187,1.7132295348322741
21_03_05,Patrick Marleau,W,SJS,VGK,0.3421077639456424,0.6842155278912849,7.013209160885671,1.3684310557825698,0.6653996008742745,13.583888888888904,0.7120891942966658,0.0,2.5,4.3,3000,27.016234909234868,6.116425553386134,2.0388085177953776
21_03_05,Ben Hutton,D,ANA,COL,0.2382685816400813,0.8339400357402845,5.48017737772187,2.620954398040894,0.2358858958236804,18.671111111111166,0.1269981258957115,0.0,2.2,4.9,3500,19.617625526636758,6.104714432400093,1.7442041235428836
21_03_05,Sean Walker,D,LAK,STL,0.1362862010221465,0.272572402044293,4.9063032367972745,3.8160136286201034,0.293015332197615,17.318333333333335,0.2121569287758881,0.0,2.6,4.1,3600,21.136705669882733,6.10087523932643,1.6946875664795638
21_03_05,Zdeno Chara,D,WSH,BOS,0.2432432432432429,0.6081081081081072,4.621621621621615,3.770270270270265,0.136216216216216,19.543888888888908,0.1115702479338843,0.0,2.8,3.6,3600,18.665940469833814,6.080084442484115,1.6889123451344765
21_03_05,Jakub Zboril,D,BOS,WSH,0.0500584885176565,0.5582776789162534,3.073411336241707,2.658154550151794,0.1042886736383364,16.251081885890414,0.3122600460711527,0.677552136354738,3.2,4.9,3500,22.361589347304587,6.056666993028361,1.7304762837223888
21_03_05,Olli Maatta,D,LAK,STL,0.0,0.3636975921872368,4.606836167704999,4.48560363697592,0.2121569287758881,18.63777777777779,0.293015332197615,0.0,2.6,4.2,3600,19.378549552595832,6.019551670282271,1.6720976861895198
21_03_05,Marco Scandella,D,STL,LAK,0.2379850598267999,0.3569775897401998,4.283731076882399,2.974813247835,0.1439809611952139,19.267777777777773,0.1852861035422347,0.0,2.9,5.8,4000,18.70616652493325,6.007104327941988,1.501776081985497
21_03_05,Tomas Nosek,W,VGK,SJS,0.5560990680191528,0.5560990680191528,6.673188816229834,2.965861696102148,0.7637093867463032,12.19333333333336,0.5058437480108432,0.0,3.5,2.1,3100,29.25604626525339,5.945478735460951,1.9178963662777262
21_03_05,Valeri Nichushkin,W,COL,ANA,0.3325174340737993,0.4987761511106991,6.317831247402188,1.9951046044427965,0.7165750704290377,13.751666666666706,0.4477264064772104,0.0,3.3,4.1,3400,25.619090776938187,5.871753277792155,1.726986258174163
21_03_05,Chris Wagner,W,BOS,WSH,0.5889088827089796,0.1963029609029931,7.655815475216735,2.3556355308359183,0.7655815475216734,11.815555555555578,0.394489685531708,0.0,3.2,3.3,3000,29.166797825308038,5.743698668043079,1.9145662226810263
21_03_05,Cody Glass,C,VGK,SJS,0.1763668430335092,1.0582010582010557,4.056437389770712,1.4109347442680735,0.3580246913580238,13.19833333333336,0.6856832902361343,0.7168786525788929,3.5,7.7,3700,26.075176054807777,5.735814421611756,1.5502201139491232
21_03_05,Ian Cole,D,MIN,ARI,0.1357926898268646,0.5431707593074585,4.4811587642865325,5.431707593074585,0.218626230621252,16.942777777777746,0.1591922986616578,0.0,2.9,6.2,3600,20.237414932809312,5.714633733387818,1.5873982592743938
21_03_05,Richard Panik,W,WSH,BOS,0.533386013433425,1.7779533781114163,6.934018174634525,1.7779533781114163,0.6685104701698928,11.787222222222232,0.8122756795391495,0.0,2.8,4.1,3300,29.06381666873923,5.709694428339265,1.7302104328300805
21_03_05,Jan Rutta,D,TBL,CHI,0.0,0.8623442989460216,5.17406579367613,2.443308847013728,0.1724688597892043,15.52666666666671,0.2512110726643594,0.0,3.5,6.6,3500,22.02145392027706,5.698662908925046,1.6281894025500132
21_03_05,Philipp Kurashev,W,CHI,TBL,0.6381533165202575,0.5126982513240324,5.030862239536458,1.5771438650285226,0.4970751714799121,12.362172527019448,0.6968692932826976,0.6769344368938247,2.6,6.8,3600,27.611440878018925,5.688956597561122,1.580265721544756
21_03_05,Brandon Hagel,W,CHI,TBL,0.3185471488565247,1.0355448333852593,7.025267110499846,2.1251251670026434,0.6003972323505339,12.204683710991832,0.7245325436814225,0.0,2.6,5.5,3400,27.94368857712969,5.684064680038721,1.6717837294231532
21_03_05,Nic Dowd,C,WSH,BOS,0.7415417889695632,0.926927236211954,5.190792522786942,1.6684690251815175,0.6729491734898787,13.4705555555556,0.8934201337868337,0.0,2.8,3.3,3200,25.297061190873343,5.679424469399148,1.7748201466872338
21_03_05,Garnet Hathaway,W,WSH,BOS,1.186487228783301,0.7909914858555341,6.327931886844273,2.570722329030486,0.7751716561384233,11.345555555555562,0.8423088924625614,0.0,2.8,3.9,3000,29.732101944814012,5.622120239972149,1.8740400799907162
21_03_05,Drake Caggiula,W,ARI,MIN,0.7292246923583278,1.4584493847166555,7.839165442852024,1.0938370385374918,0.8276700258267021,12.150000000000077,0.4622319806242886,0.0,2.6,5.0,3200,27.71786886347516,5.612868444853755,1.7540213890167986
21_03_05,Zach Whitecloud,D,VGK,SJS,0.2574186628530586,0.6435466571326468,2.8316052913836454,2.9603146228101758,0.1866285305684676,17.163333333333224,0.2096825351056773,0.0,3.5,5.9,3500,19.547050646129907,5.591542432051236,1.5975835520146389
21_03_05,Gerald Mayhew,W,MIN,ARI,0.6093204287991744,0.2873507826612508,6.081122740567661,2.607365451800338,0.5318900170511143,11.195567680849043,0.6008521829688942,0.4704497738863025,2.9,3.9,3000,29.683534072637677,5.538733578616729,1.8462445262055764
21_03_05,Sam Steel,C,ANA,COL,0.4582290296576011,0.7637150494293351,3.513089227374942,1.2219440790869365,0.2657728372014086,15.299444444444443,0.7944514779531567,0.6843574232437134,2.2,3.8,3500,21.632202444660287,5.516011325217589,1.576003235776454
21_03_05,Derick Brassard,W,ARI,MIN,0.3403450720869789,0.8508626802174472,4.0841408650437465,0.3403450720869789,0.3624675017726325,14.196111111111042,0.8304354306923757,0.6113501301777136,2.6,4.0,3700,23.133636165004695,5.473461156707057,1.4793138261370424
21_03_05,Trevor Moore,W,LAK,STL,0.3558542974348823,1.2454900410220884,6.761231651262764,1.4234171897395294,0.7401769386645553,12.724444444444485,0.5683189929727617,0.0,2.6,3.0,3000,25.80674239091838,5.472940997422189,1.8243136658073964
21_03_05,Brenden Dillon,D,WSH,BOS,0.1164483260553127,0.8151382823871891,3.2605531295487564,3.2605531295487564,0.1199417758369721,19.51944444444448,0.3198205968604451,0.0,2.8,6.8,4100,16.800872306503212,5.4657282267499205,1.3331044455487613
21_03_05,Troy Terry,W,ANA,COL,0.4910653389714878,0.9821306779429756,6.5475378529531705,0.654753785295317,0.5663620242804492,14.039444444444518,0.6843574232437134,0.0,2.2,3.7,3200,23.140271634238523,5.414609300637451,1.6920654064492036
21_03_05,Jacob MacDonald,D,COL,ANA,0.2345006001121451,0.3487159610470603,5.198460143129849,2.8873464614593973,0.2333856147884543,14.094811169074944,0.1847586083427817,0.0,3.3,6.3,3600,22.517547844705142,5.289676414362158,1.469354559545044
21_03_05,Austin Wagner,W,LAK,STL,0.9665467432744468,0.5799280459646681,8.312301992160242,1.9330934865488931,0.6243891961552925,10.4711111111111,0.626212864227393,0.0,2.6,5.2,3600,30.17150600059452,5.265486528696341,1.4626351468600947
21_03_05,Nikita Zadorov,D,CHI,TBL,0.1241422118004069,0.6207110590020349,3.7242663540122094,3.8484085658126177,0.1688334080485535,17.927777777777763,0.1626381215469607,0.0,2.6,7.2,3500,17.597616637641327,5.258102674969307,1.5023150499912308
21_03_05,Nico Sturm,W,MIN,ARI,0.7501605548509881,0.7873060160827149,7.073419410847117,2.460001418471344,0.7020819216398841,10.66253373055317,0.6500582966424839,0.0,2.9,5.4,3300,29.226613979845624,5.19382928983268,1.5738876635856605
21_03_05,Trevor Zegras,W,ANA,COL,0.4196544549176074,0.7149114617532366,5.149845406978824,1.4170098934568895,0.4392576951965047,11.495915679396354,0.6967935301842716,0.7500557937846916,2.2,5.1,3300,27.08454542277235,5.189360839916191,1.572533587853391
21_03_05,Marc-Edouard Vlasic,D,SJS,VGK,0.0,0.5828071879553199,3.2637202525497924,4.07965031568724,0.1025740650801363,19.93777777777772,0.2006930842247998,0.0,2.5,3.7,3600,15.609601327001165,5.187012707624223,1.440836863228951
21_03_05,Logan O'Connor,W,COL,ANA,1.0249109094533824,0.1105781278730023,7.65707076249121,2.3681386701809246,0.7948798284773685,9.492159731887114,0.6982328653105527,0.0,3.3,3.5,3000,32.66062587913825,5.1669979631364376,1.7223326543788124
21_03_05,Nick Jensen,D,WSH,BOS,0.0,1.3282172373081471,3.586186540731998,4.250295159386071,0.1115702479338843,17.85666666666666,0.136216216216216,0.0,2.8,6.3,3900,17.03317047519009,5.069260790866293,1.2998104591964854
21_03_05,Kyle Clifford,W,STL,LAK,0.6822919957040903,0.4548613304693935,9.552087939857262,2.0468759871122706,0.6777433823993962,9.052222222222186,0.5062910672455474,0.0,2.9,4.6,3200,33.371022433429694,5.034698514169457,1.5733432856779552
21_03_05,Isac Lundestrom,C,ANA,COL,0.7905138339920911,0.4743083003952547,5.059288537549383,2.529644268774692,0.4395256916996027,14.257777777777838,0.6966595319327226,0.0,2.2,5.9,3800,21.08984529278834,5.011572125871502,1.3188347699661847
21_03_05,Jarred Tinordi,D,BOS,WSH,0.1329639889196674,0.3988919667590025,3.19113573407202,3.855955678670357,0.0970637119113572,17.02055555555557,0.0,0.0,3.2,4.1,3500,17.51059822170133,4.967335164058001,1.419238618302286
21_03_05,Mikey Anderson,D,LAK,STL,0.1302060879554338,0.516742173347478,2.861785372028804,3.774847555311248,0.0968011002290869,19.362790017425844,0.2554080102805749,0.0,2.6,8.4,3700,15.339312824021,4.950198220385434,1.337891410914982
21_03_05,Blake Lizotte,C,LAK,STL,0.3520610239108117,0.8801525597770291,4.928854334751364,2.288396655420276,0.5122487897902308,13.63333333333332,0.6822830674099238,0.0,2.6,2.7,3200,21.712509401313646,4.9335646361873735,1.5417389488085542
21_03_05,Jack Studnicka,C,BOS,WSH,0.4515985575875104,0.8739139283709825,5.994931977480461,1.1855114351165112,0.6398736765486429,11.926305110404767,0.6141531480474274,0.0,3.2,7.0,3000,24.52132171888561,4.874146075497081,1.624715358499027
21_03_05,Niklas Hjalmarsson,D,ARI,MIN,0.0,0.26024723487313,2.732595966167865,5.204944697462602,0.1171112556929085,18.64666666666664,0.1766037735849054,0.0,2.6,4.3,3500,15.543455443813983,4.830560541816405,1.3801601548046871
21_03_05,Carson Soucy,D,MIN,ARI,0.2817562808170934,0.9861469828598268,3.521953510213668,4.6489786334820415,0.1591922986616578,15.989444444444436,0.218626230621252,0.0,2.9,4.8,3700,18.08646928515489,4.81987659718558,1.3026693505906972
21_03_05,David Kampf,C,CHI,TBL,0.1775936066301609,0.8879680331508047,5.150214592274668,0.7103744265206438,0.5132455231611651,13.731111111111128,0.7681083982761069,0.0,2.6,5.3,3000,20.949918764343007,4.794427705365763,1.5981425684552544
21_03_05,Pat Maroon,W,TBL,CHI,0.5932436143916531,0.5932436143916531,4.745948915133225,0.5932436143916531,0.4132930513595184,11.5994444444444,0.5562936124751534,0.5996463051933715,3.5,4.0,3100,24.69305902669724,4.773762772392683,1.5399234749653816
21_03_05,Robert Bortuzzo,D,STL,LAK,0.3547147502216987,0.3547147502216987,5.320721253325481,4.079219627549536,0.2146024238841277,13.439444444444376,0.1838566501392035,0.0,2.9,3.8,3500,21.142600496003304,4.735746746285309,1.3530704989386597
21_03_05,Radim Simek,D,SJS,VGK,0.2712068705740538,0.4068103058610807,3.118879011601619,5.424137411481076,0.2006930842247998,16.52833333333337,0.1025740650801363,0.0,2.5,5.2,3500,17.152622632819366,4.725071073601945,1.3500203067434127
21_03_05,Jani Hakanpaa,D,ANA,COL,0.1316196216989372,0.1550465503927941,3.184812565543676,4.635631903508933,0.1573428443661935,18.102993504337302,0.2223938223938217,0.0,2.2,6.5,3500,15.58111019618432,4.701078944531474,1.3431654127232784
21_03_05,Niko Mikkola,D,STL,LAK,0.0500584885176565,0.3602935101466402,4.923673389297987,3.7345486861218657,0.1838566501392035,13.81048328704287,0.2146024238841277,0.0,2.9,4.8,3500,20.145092549597493,4.636891066202467,1.3248260189149905
21_03_05,Victor Rask,C,MIN,ARI,1.1207970112079662,0.9339975093399718,4.66998754669986,0.7471980074719774,0.4053549190535477,11.725000000000032,0.640997055644604,0.5337173228850858,2.9,7.4,4600,23.537897534758223,4.599697476584015,0.9999342340400031
21_03_05,Sammy Blais,W,STL,LAK,0.5231797703822134,1.0463595407644268,6.103763987792489,1.2207527975584975,0.6644383083854108,11.629444444444411,0.5476546449523587,0.0,2.9,3.5,3100,23.71549399409033,4.59663366461381,1.482785053101229
21_03_05,Dylan Coghlan,D,VGK,SJS,0.0833478912847302,0.4659392731633854,3.449953640568176,2.869151373581478,0.1535622831103281,13.800551000124203,0.2296542352408264,0.0,3.5,3.2,3500,19.68871149330505,4.528584451501465,1.2938812718575614
21_03_05,Cal Foote,D,TBL,CHI,0.0999677899343042,0.3803229336179469,3.710778069735188,3.971875566799469,0.1708365257651195,13.126119872511277,0.2280887011615628,0.0,3.5,4.2,3500,20.293004781708895,4.439473555635925,1.2684210158959786
21_03_05,Conor Timmins,D,COL,ANA,0.0542232858764008,0.2062900377058424,3.9677383675398175,2.451295461205024,0.1394390592658524,13.41419649271878,0.1424944060972382,0.0,3.3,2.5,3500,19.44923320358349,4.348263930426322,1.242361122978949
21_03_05,Luke Schenn,D,TBL,CHI,0.0,0.6108597285067883,6.515837104072409,4.47963800904978,0.2036199095022627,10.733888888888876,0.1948758957955282,0.0,3.5,3.4,3600,24.123566051045287,4.315661293261531,1.1987948036837586
21_03_05,Dan Renouf,D,COL,ANA,0.1124218829299368,0.4277039669163968,3.4390619197086685,3.057195136912512,0.1424944060972382,13.600354187355167,0.1394390592658524,0.0,3.3,3.4,3500,18.888329706460702,4.2814662335901295,1.223276066740037
21_03_05,William Carrier,W,VGK,SJS,0.1987742256087464,0.5963226768262392,6.360775219479885,0.993871128043732,0.5983104190823266,10.114444444444423,0.5885432318428314,0.0,3.5,2.0,3000,25.274862061920572,4.260686469438194,1.4202288231460647
21_03_05,Kyle Rau,W,MIN,ARI,0.4531668249684428,0.596252544899011,5.875668245237764,1.6282323301492847,0.4961134328951859,10.400274220766327,0.7530425410148331,0.0,2.9,0.9,3000,24.456850178323073,4.23929914051263,1.41309971350421
21_03_05,Trent Frederic,C,BOS,WSH,0.5159573091282915,0.367648143622266,5.533652446352064,1.3556059505543907,0.5015721981643446,10.935517713578928,0.6833038872395765,0.0,3.2,3.4,3000,23.207878743631767,4.229836151592951,1.409945383864317
21_03_05,Nathan Walker,W,STL,LAK,0.5290082507539952,0.6456352052267283,5.748565961789702,1.5828825063905516,0.5487631826110452,11.202648837106654,0.5495434742918212,0.0,2.9,6.4,3000,22.44267132288902,4.190289429948825,1.396763143316275
21_03_05,Jacob Larsson,D,ANA,COL,0.0,0.529158857898798,3.0426634329180886,3.836401719766285,0.1269981258957115,16.80166666666668,0.2358858958236804,0.0,2.2,3.4,3500,14.886726539062764,4.168696951119218,1.191056271748348
21_03_05,Ian Mitchell,D,CHI,TBL,0.2957114043387395,0.3776546379364592,2.92393375747236,3.8906546633245394,0.1568805862813576,15.156897986837008,0.1251606871567142,0.0,2.6,4.3,3500,16.4593585994948,4.1578803203551855,1.1879658058157672
21_03_05,Ryan Reaves,W,VGK,SJS,0.3809926976399628,0.7619853952799256,4.571912371679554,3.428934278759665,0.4133770769393597,10.52777777777775,0.6810099029143148,0.0,3.5,3.2,3000,23.5882288012846,4.138860516521685,1.379620172173895
21_03_05,Johan Larsson,C,ARI,MIN,0.5212858384013911,0.5212858384013911,4.170286707211129,1.216333622936579,0.4378801042571685,13.597222222222204,0.715206526465465,0.0,2.6,4.4,3000,18.041726514500596,4.088622744837051,1.362874248279017
21_03_05,Alexander Volkov,W,TBL,CHI,0.7298563799421325,0.5629308481959544,5.251345834541225,3.208604807353445,0.5892587016217826,10.115501881180158,0.4683107873440213,0.0,3.5,3.1,3000,24.246068895587918,4.087685925409056,1.3625619751363518
21_03_05,Josh Mahura,D,ANA,COL,0.3285326481355616,0.7624220818631905,3.608701728823596,3.1402310918847425,0.1482602272244254,15.098013489991263,0.1883201324033571,0.0,2.2,7.4,3600,15.915155241551972,4.004787142204281,1.1124408728345225
21_03_05,Matt Nieto,W,SJS,VGK,0.5592957017089597,0.3728638011393064,5.779388917659251,2.423614707405492,0.5592957017089597,13.72777777777777,0.0,0.0,2.5,3.4,3100,17.411868517136366,3.983771028318883,1.2850874284899623
21_03_05,Mathieu Joseph,W,TBL,CHI,0.7696007696007711,0.5772005772005784,5.579605579605592,1.1544011544011568,0.5233285233285243,10.771666666666649,0.5012758764906505,0.0,3.5,3.3,3300,22.05525966789611,3.9595317564892314,1.1998581080270398
21_03_05,Tobias Bjornfot,D,LAK,STL,0.0750317458998029,0.4181958050584243,2.6974770957300325,3.3718009721352096,0.119155169406533,15.018524363807098,0.1501527143748564,0.0,2.6,3.2,3600,15.538303816006522,3.889373240548846,1.080381455708013
21_03_05,Christian Fischer,W,ARI,MIN,0.1989829759009508,0.1989829759009508,5.173557373424724,1.790846783108558,0.4656201636082251,10.919999999999993,0.6432569117335272,0.0,2.6,4.3,3000,20.90052670265382,3.8038958598829926,1.267965286627664
21_03_05,Matthew Highmore,W,CHI,TBL,0.2280501710376277,0.9122006841505113,6.613454960091206,1.5963511972633946,0.5792474344355746,9.387777777777798,0.5300377430206936,0.0,2.6,3.7,3000,24.05410324785943,3.7635762655771248,1.2545254218590416
21_03_05,Dakota Joshua,W,STL,LAK,0.730710206125485,0.6182950556024418,4.933991392957765,1.4044891946418645,0.5062910672455474,10.47304276219046,0.6777433823993962,0.0,2.9,2.3,3000,21.064857695474977,3.6768859237361036,1.2256286412453679
21_03_05,Keegan Kolesar,W,VGK,SJS,0.2183937711374489,0.9479024144916516,5.034246568548809,1.3132837953221117,0.6213665804722666,9.770932782819273,0.5540123456790129,0.0,3.5,3.0,3100,22.158559846427444,3.6084966470586783,1.1640311764705413
21_03_05,Ilya Lyubushkin,D,ARI,MIN,0.0,0.2750085940185631,2.0625644551392237,5.36266758336198,0.1072533516672396,14.69111111111111,0.2453488372093027,0.0,2.6,5.3,3500,14.593112551724502,3.5731506325722475,1.0209001807349278
21_03_05,Michael Chaput,C,ARI,MIN,0.3693692612358079,0.4859962157085411,4.520576447322751,2.1631122244228447,0.4588437976403521,10.633826386130623,0.6466450947174637,0.0,2.6,2.0,3000,19.729696671259006,3.496702817553126,1.165567605851042
21_03_05,Nikolai Knyzhov,D,SJS,VGK,0.0292189536999474,0.4180718194453803,2.9403615773960152,3.6083867610623086,0.0882053305209076,13.614572928765002,0.2288135593220331,0.0,2.5,4.8,3500,14.98333354610735,3.3998614546581605,0.9713889870451887
21_03_05,Anders Bjork,W,BOS,WSH,0.1875195332847176,0.5625585998541529,2.8127929992707643,2.062714866131894,0.2681529325971462,11.940555555555532,0.6432039929939717,0.0,3.2,2.2,3100,15.043578539501553,2.993811421754687,0.9657456199208668
21_03_05,Lucas Wallmark,C,CHI,TBL,0.3901593150536461,0.195079657526823,3.121274520429169,1.5606372602145846,0.2321447924569194,12.352777777777796,0.7035890640100211,0.0,2.6,2.4,3200,14.145020794943147,2.9121716423663084,0.9100536382394714
