date,team,name,position,evTOI,evG,evA,evSH,evBkS,evixG,ppTOI,ppG,ppA,ppSH,ppBkS,ppixG,pkTOI,pkG,pkA,pkSH,pkBkS,pkixG,evFP,ppFP,pkFP,TOI,FP,FP/60
20_01_12,TOR,Zach Hyman,L,16.266666666667,1,2,1,0,0.14,2.7,0.0,0.0,1.0,0.0,0.1,1.1666666666667,0.0,0.0,0.0,0.0,0.0,29.6,1.6,0.0,20.1333333333337,31.200000000000003,92.98013245032945
20_01_12,FLA,Vincent Trocheck,C,15.183333333333,1,2,2,1,0.11,0.76666666666667,0.0,0.0,1.0,0.0,0.18,0.91666666666667,0.0,0.0,0.0,0.0,0.0,32.8,1.6,0.0,16.86666666666634,34.4,122.37154150197864
20_01_12,N.J,Andy Greene,D,17.616666666667,1,1,1,4,0.02,0.033333333333333,0.0,0.0,0.0,0.0,0.0,1.2166666666667,0.0,0.0,0.0,0.0,0.0,28.0,0.0,0.0,18.866666666667033,28.0,89.04593639575799
20_01_12,ARI,Taylor Hall,L,16.483333333333,1,1,2,1,0.17,4.2166666666667,0.0,0.0,0.0,0.0,0.0,0.68333333333333,0.0,0.0,0.0,0.0,0.0,24.8,0.0,0.0,21.38333333333303,24.8,69.58690568979054
20_01_12,FLA,Brett Connolly,R,13.766666666667,0,2,3,0,0.35,0.0,0.0,0.0,0.0,0.0,0.0,0.0,0.0,0.0,0.0,0.0,0.0,20.8,0.0,0.0,13.766666666667,20.8,90.6537530266322
20_01_12,N.J,Miles Wood,L,8.6833333333333,1,1,2,1,0.49,0.0,0.0,0.0,0.0,0.0,0.0,0.0,0.0,0.0,0.0,0.0,0.0,24.8,0.0,0.0,8.6833333333333,24.8,171.3627639155477
20_01_12,FLA,Aleksander Barkov,C,14.75,1,1,3,1,0.28,1.6166666666667,0.0,0.0,0.0,0.0,0.0,1.0666666666667,0.0,1.0,0.0,0.0,0.0,26.400000000000002,0.0,10.0,17.433333333333398,36.400000000000006,125.27724665391925
20_01_12,VAN,Bo Horvat,C,13.266666666667,2,0,4,1,0.64,5.65,0.0,0.0,1.0,0.0,0.04,0.0,0.0,0.0,0.0,0.0,0.0,32.0,1.6,0.0,18.916666666667,33.6,106.57268722466775
20_01_12,BUF,Curtis Lazar,C,7.55,0,2,0,0,0.0,0.0,0.0,0.0,0.0,0.0,0.0,2.9666666666667,0.0,0.0,0.0,0.0,0.0,16.0,0.0,0.0,10.5166666666667,16.0,91.28367670364472
20_01_12,TOR,Mitchell Marner,R,15.766666666667,2,0,5,0,0.54,2.6333333333333,0.0,0.0,0.0,0.0,0.0,1.0666666666667,0.0,0.0,0.0,0.0,0.0,32.0,0.0,0.0,19.466666666667,32.0,98.63013698629969
20_01_12,N.J,Travis Zajac,C,14.266666666667,1,0,2,0,0.21,0.083333333333333,0.0,0.0,0.0,0.0,0.0,2.9166666666667,0.0,0.0,0.0,0.0,0.0,15.2,0.0,0.0,17.26666666666703,15.2,52.8185328185317
20_01_12,ARI,Alex Goligoski,D,20.116666666667,0,1,2,1,0.23,3.1666666666667,0.0,0.0,0.0,0.0,0.0,1.8166666666667,0.0,0.0,0.0,0.0,0.0,12.799999999999999,0.0,0.0,25.1000000000004,12.799999999999999,30.597609561752503
20_01_12,ARI,Niklas Hjalmarsson,D,13.9,0,1,0,2,0.0,0.21666666666667,0.0,0.0,0.0,0.0,0.0,2.5666666666667,0.0,0.0,0.0,0.0,0.0,11.2,0.0,0.0,16.683333333333373,11.2,40.27972027972018
20_01_12,BUF,Michael Frolik,R,12.4,0,1,2,1,0.13,0.0,0.0,0.0,0.0,0.0,0.0,2.9666666666667,0.0,0.0,0.0,0.0,0.0,12.799999999999999,0.0,0.0,15.366666666666701,12.799999999999999,49.978308026030255
20_01_12,NSH,Kyle Turris,C,11.15,1,0,3,0,0.61,0.85,0.0,0.0,0.0,0.0,0.0,0.0,0.0,0.0,0.0,0.0,0.0,16.8,0.0,0.0,12.0,16.8,84.00000000000001
20_01_12,FLA,Colton Sceviour,C,11.633333333333,0,1,0,1,0.05,0.066666666666667,0.0,0.0,0.0,0.0,0.0,3.2166666666667,0.0,0.0,0.0,2.0,0.0,9.6,0.0,3.2,14.916666666666368,12.8,51.48603351955411
20_01_12,N.J,Wayne Simmonds,R,8.2,0,1,0,0,0.0,5.5333333333333,0.0,0.0,1.0,0.0,0.09,0.0,0.0,0.0,0.0,0.0,0.0,8.0,1.6,0.0,13.733333333333299,9.6,41.941747572815636
20_01_12,BUF,Zach Bogosian,D,12.866666666667,1,0,1,0,0.09,0.0,0.0,0.0,0.0,0.0,0.0,1.95,0.0,0.0,0.0,0.0,0.0,13.6,0.0,0.0,14.816666666666999,13.6,55.0731158605162
20_01_12,ARI,Derek Stepan,C,14.55,1,0,3,1,0.2,0.91666666666667,0.0,0.0,0.0,0.0,0.0,2.7,0.0,0.0,1.0,0.0,0.01,18.400000000000002,0.0,1.6,18.16666666666667,20.000000000000004,66.05504587155963
20_01_12,T.B,Tyler Johnson,C,10.916666666667,1,0,2,0,0.14,1.0666666666667,0.0,0.0,0.0,0.0,0.0,0.0,0.0,0.0,0.0,0.0,0.0,15.2,0.0,0.0,11.9833333333337,15.2,76.10570236439267
20_01_12,FLA,Mike Hoffman,L,12.55,1,0,1,0,0.11,1.6166666666667,1.0,0.0,2.0,0.0,0.15,0.0,0.0,0.0,0.0,0.0,0.0,13.6,15.7,0.0,14.1666666666667,29.299999999999997,124.09411764705851
20_01_12,TOR,John Tavares,C,14.333333333333,1,0,5,0,0.34,2.6333333333333,0.0,0.0,1.0,0.0,0.08,0.0,0.0,0.0,0.0,0.0,0.0,20.0,1.6,0.0,16.9666666666663,21.6,76.38506876228064
20_01_12,T.B,Victor Hedman,D,20.25,0,1,0,0,0.12,2.9333333333333,0.0,0.0,1.0,0.0,0.09,4.6333333333333,0.0,0.0,0.0,1.0,0.0,8.0,1.6,1.6,27.816666666666602,11.2,24.158178550030012
20_01_12,TOR,Tyson Barrie,D,17.3,0,1,1,1,0.14,2.6333333333333,0.0,0.0,0.0,0.0,0.0,0.0,0.0,0.0,0.0,0.0,0.0,11.2,0.0,0.0,19.9333333333333,11.2,33.71237458193985
20_01_12,MIN,Marcus Foligno,L,8.7833333333333,1,0,2,0,0.21,0.0,0.0,0.0,0.0,0.0,0.0,2.7166666666667,0.0,0.0,0.0,0.0,0.0,15.2,0.0,0.0,11.5,15.2,79.30434782608695
20_01_12,VAN,Christopher Tanev,D,15.85,0,1,0,0,0.0,0.1,0.0,0.0,0.0,0.0,0.0,4.65,0.0,0.0,0.0,0.0,0.0,8.0,0.0,0.0,20.6,8.0,23.300970873786408
20_01_12,FLA,Mark Pysyk,D,10.766666666667,0,1,2,0,0.1,0.0,0.0,0.0,0.0,0.0,0.0,0.0,0.0,0.0,0.0,0.0,0.0,11.2,0.0,0.0,10.766666666667,11.2,62.41486068111262
20_01_12,FLA,Jonathan Huberdeau,L,14.016666666667,1,0,3,0,0.27,2.3166666666667,0.0,1.0,0.0,0.0,0.0,0.0,0.0,0.0,0.0,0.0,0.0,16.8,8.5,0.0,16.333333333333698,25.3,92.938775510202
20_01_12,MIN,Jonas Brodin,D,17.0,0,1,0,5,0.09,0.0,0.0,0.0,0.0,0.0,0.0,2.1666666666667,0.0,0.0,0.0,0.0,0.0,16.0,0.0,0.0,19.1666666666667,16.0,50.08695652173904
20_01_12,VAN,J.T. Miller,C,11.733333333333,0,1,2,1,0.21,6.1166666666667,0.0,1.0,0.0,0.0,0.0,0.0,0.0,0.0,0.0,0.0,0.0,12.799999999999999,8.5,0.0,17.8499999999997,21.299999999999997,71.59663865546338
20_01_12,TOR,Morgan Rielly,D,17.55,0,1,1,2,0.04,2.7,0.0,0.0,2.0,0.0,0.14,0.8,0.0,0.0,0.0,0.0,0.0,12.8,3.2,0.0,21.05,16.0,45.60570071258907
20_01_12,VAN,Tanner Pearson,L,13.85,0,1,2,0,0.23,3.2666666666667,0.0,0.0,1.0,0.0,0.07,0.0,0.0,0.0,0.0,0.0,0.0,11.2,1.6,0.0,17.1166666666667,12.799999999999999,44.868549172346555
20_01_12,FLA,Mike Matheson,D,18.766666666667,1,0,2,2,0.05,0.066666666666667,0.0,0.0,0.0,0.0,0.0,2.1666666666667,0.0,0.0,0.0,0.0,0.0,18.4,0.0,0.0,21.000000000000366,18.4,52.57142857142765
20_01_12,N.J,Damon Severson,D,16.033333333333,0,1,0,0,0.0,2.4333333333333,0.0,0.0,2.0,0.0,0.1,2.15,0.0,0.0,0.0,0.0,0.0,8.0,3.2,0.0,20.616666666666298,11.2,32.59498787388902
20_01_12,FLA,Dominic Toninato,C,11.516666666667,0,1,0,1,0.0,0.066666666666667,0.0,0.0,0.0,0.0,0.0,1.2166666666667,0.0,0.0,0.0,0.0,0.0,9.6,0.0,0.0,12.800000000000367,9.6,44.99999999999871
20_01_12,TOR,Alexander Kerfoot,C,14.516666666667,0,1,3,0,0.4,2.4,0.0,0.0,0.0,0.0,0.0,0.8,0.0,0.0,0.0,0.0,0.0,12.8,0.0,0.0,17.716666666667,12.8,43.34901222953823
20_01_12,N.J,Nikita Gusev,L,12.866666666667,0,1,2,0,0.03,2.6333333333333,0.0,0.0,0.0,0.0,0.0,0.0,0.0,0.0,0.0,0.0,0.0,11.2,0.0,0.0,15.500000000000298,11.2,43.354838709676585
20_01_12,PIT,Chad Ruhwedel,D,12.8,0,1,0,0,0.0,0.0,0.0,0.0,0.0,0.0,0.0,0.96666666666667,0.0,0.0,0.0,0.0,0.0,8.0,0.0,0.0,13.766666666666671,8.0,34.866828087167065
20_01_12,FLA,Josh Brown,D,17.166666666667,1,0,4,2,0.18,0.0,0.0,0.0,0.0,0.0,0.0,0.0,0.0,0.0,0.0,0.0,0.0,21.599999999999998,0.0,0.0,17.166666666667,21.599999999999998,75.49514563106649
20_01_12,DET,Madison Bowey,D,15.433333333333,1,0,1,2,0.03,2.65,0.0,0.0,1.0,0.0,0.07,0.7,0.0,0.0,0.0,0.0,0.0,16.8,1.6,0.0,18.783333333332997,18.400000000000002,58.77551020408269
20_01_12,BUF,Conor Sheary,L,12.95,0,1,0,0,0.0,1.5333333333333,0.0,0.0,0.0,0.0,0.0,0.0,0.0,0.0,0.0,0.0,0.0,8.0,0.0,0.0,14.483333333333299,8.0,33.14154200230158
20_01_12,TOR,William Nylander,R,13.616666666667,0,1,8,0,0.89,2.6333333333333,0.0,0.0,1.0,0.0,0.12,0.1,0.0,0.0,0.0,0.0,0.0,20.8,1.6,0.0,16.3500000000003,22.400000000000002,82.20183486238382
20_01_12,DET,Dylan Larkin,C,13.783333333333,0,1,2,0,0.21,4.0166666666667,0.0,0.0,0.0,0.0,0.0,2.6166666666667,0.0,0.0,0.0,1.0,0.0,11.2,0.0,1.6,20.416666666666398,12.799999999999999,37.61632653061274
20_01_12,DET,Robby Fabbri,C,13.083333333333,0,1,1,0,0.09,3.35,0.0,0.0,0.0,0.0,0.0,0.0,0.0,0.0,0.0,0.0,0.0,9.6,0.0,0.0,16.433333333333,9.6,35.05070993914879
20_01_12,TOR,Kasperi Kapanen,R,13.416666666667,0,1,2,0,0.23,2.7,0.0,0.0,0.0,0.0,0.0,0.31666666666667,0.0,0.0,0.0,0.0,0.0,11.2,0.0,0.0,16.43333333333367,11.2,40.892494929005245
20_01_12,ARI,Christian Dvorak,C,13.233333333333,0,1,1,1,0.1,3.1,0.0,0.0,0.0,0.0,0.0,0.0,0.0,0.0,0.0,0.0,0.0,11.2,0.0,0.0,16.333333333333,11.2,41.14285714285798
20_01_12,FLA,Frank Vatrano,C,12.866666666667,0,1,1,0,0.13,0.7,0.0,0.0,0.0,0.0,0.0,2.2166666666667,1.0,0.0,1.0,0.0,0.31,9.6,0.0,15.6,15.7833333333337,25.2,95.79725448785418
20_01_12,NSH,Yakov Trenin,C,10.433333333333,0,1,3,3,0.18,0.0,0.0,0.0,0.0,0.0,0.0,0.0,0.0,0.0,0.0,0.0,0.0,17.6,0.0,0.0,10.433333333333,17.6,101.21405750799046
20_01_12,BUF,Evan Rodrigues,L,12.983333333333,1,0,2,0,0.2,1.5333333333333,1.0,0.0,2.0,0.0,0.51,0.0,0.0,0.0,0.0,0.0,0.0,15.2,15.7,0.0,14.5166666666663,30.9,127.71526980482528
20_01_12,ARI,Conor Garland,R,13.616666666667,1,0,1,1,0.18,3.6,0.0,0.0,0.0,0.0,0.0,0.0,0.0,0.0,0.0,0.0,0.0,15.2,0.0,0.0,17.216666666667,15.2,52.97192642787894
20_01_12,PIT,Brandon Tanev,L,12.783333333333,1,0,1,0,0.13,0.05,0.0,0.0,0.0,0.0,0.0,4.2166666666667,0.0,0.0,0.0,1.0,0.0,13.6,0.0,1.6,17.0499999999997,15.2,53.48973607038218
20_01_12,MIN,Luke Kunin,C,12.566666666667,0,1,1,1,0.15,0.0,0.0,0.0,0.0,0.0,0.0,0.51666666666667,0.0,0.0,0.0,0.0,0.0,11.2,0.0,0.0,13.08333333333367,11.2,51.36305732483944
20_01_12,FLA,Riley Stillman,D,16.083333333333,0,1,0,1,0.0,0.0,0.0,0.0,0.0,0.0,0.0,3.1666666666667,0.0,0.0,0.0,2.0,0.0,9.6,0.0,3.2,19.2499999999997,12.8,39.89610389610451
20_01_12,VAN,Troy Stecher,D,12.4,1,0,3,0,0.07,0.0,0.0,0.0,0.0,0.0,0.0,0.0,0.0,0.0,0.0,0.0,0.0,16.8,0.0,0.0,12.4,16.8,81.29032258064517
20_01_12,PIT,Juuso Riikola,D,11.183333333333,0,1,2,0,0.01,1.1166666666667,0.0,0.0,0.0,0.0,0.0,0.0,0.0,0.0,0.0,0.0,0.0,11.2,0.0,0.0,12.299999999999699,11.2,54.63414634146475
20_01_12,N.J,Jack Hughes,C,6.8666666666667,0,1,0,0,0.0,5.7166666666667,0.0,0.0,2.0,0.0,0.14,0.0,0.0,0.0,0.0,0.0,0.0,8.0,3.2,0.0,12.5833333333334,11.2,53.403973509933486
20_01_12,TOR,Jason Spezza,C,9.4666666666667,0,0,1,0,0.12,2.7,0.0,0.0,0.0,0.0,0.0,0.0,0.0,0.0,0.0,0.0,0.0,1.6,0.0,0.0,12.1666666666667,1.6,7.890410958904089
20_01_12,MIN,Mikko Koivu,C,10.766666666667,0,0,0,1,0.0,1.4333333333333,0.0,0.0,0.0,0.0,0.0,3.1666666666667,0.0,0.0,0.0,0.0,0.0,1.6,0.0,0.0,15.366666666667,1.6,6.247288503253661
20_01_12,NSH,Dan Hamhuis,D,16.15,0,0,2,0,0.02,0.0,0.0,0.0,0.0,0.0,0.0,2.3,0.0,0.0,0.0,0.0,0.0,3.2,0.0,0.0,18.45,3.2,10.406504065040652
20_01_12,DET,Valtteri Filppula,C,12.616666666667,0,0,1,0,0.14,2.65,0.0,0.0,0.0,0.0,0.0,1.3666666666667,0.0,0.0,0.0,0.0,0.0,1.6,0.0,0.0,16.6333333333337,1.6,5.771543086172218
20_01_12,DET,Frans Nielsen,C,12.4,0,0,0,0,0.28,1.5666666666667,0.0,0.0,1.0,0.0,0.15,1.5333333333333,0.0,0.0,0.0,0.0,0.0,0.0,1.6,0.0,15.5,1.6,6.193548387096774
20_01_12,MIN,Eric Staal,C,14.2,0,0,2,0,0.35,4.35,0.0,0.0,1.0,0.0,0.12,0.18333333333333,0.0,0.0,0.0,0.0,0.0,3.2,1.6,0.0,18.733333333333327,4.800000000000001,15.373665480427054
20_01_12,MIN,Ryan Suter,D,19.7,0,0,0,0,0.0,3.05,0.0,0.0,2.0,0.0,0.17,3.8833333333333,0.0,0.0,0.0,0.0,0.0,0.0,3.2,0.0,26.6333333333333,3.2,7.209011264080109
20_01_12,T.B,Braydon Coburn,D,10.283333333333,0,0,2,1,0.13,0.0,0.0,0.0,0.0,0.0,0.0,0.21666666666667,0.0,0.0,0.0,0.0,0.0,4.800000000000001,0.0,0.0,10.49999999999967,4.800000000000001,27.428571428572297
20_01_12,MIN,Zach Parise,L,11.183333333333,0,0,2,0,0.43,2.7166666666667,0.0,0.0,0.0,0.0,0.0,2.5,0.0,0.0,0.0,0.0,0.0,3.2,0.0,0.0,16.3999999999997,3.2,11.707317073170946
20_01_12,FLA,Brian Boyle,C,10.95,0,0,1,1,0.02,0.7,0.0,0.0,0.0,0.0,0.0,0.0,0.0,0.0,0.0,0.0,0.0,3.2,0.0,0.0,11.649999999999999,3.2,16.480686695278973
20_01_12,VAN,Loui Eriksson,L,10.766666666667,0,0,0,0,0.01,0.0,0.0,0.0,0.0,0.0,0.0,1.2333333333333,0.0,0.0,0.0,0.0,0.0,0.0,0.0,0.0,12.0000000000003,0.0,0.0
20_01_12,ARI,Brad Richardson,C,9.3333333333333,0,0,1,0,0.1,0.0,0.0,0.0,0.0,0.0,0.0,3.25,0.0,0.0,0.0,0.0,0.0,1.6,0.0,0.0,12.5833333333333,1.6,7.629139072847702
20_01_12,PIT,Evgeni Malkin,C,17.433333333333,0,0,2,1,0.25,4.0333333333333,0.0,2.0,0.0,0.0,0.04,0.0,0.0,0.0,0.0,0.0,0.0,4.800000000000001,17.0,0.0,21.4666666666663,21.8,60.93167701863459
20_01_12,WPG,Blake Wheeler,R,18.833333333333,0,0,2,1,0.55,2.8333333333333,0.0,0.0,0.0,0.0,0.0,0.0,0.0,0.0,0.0,0.0,0.0,4.800000000000001,0.0,0.0,21.666666666666302,4.800000000000001,13.292307692307917
20_01_12,DET,Mike Green,D,17.8,0,0,1,0,0.05,1.8166666666667,0.0,0.0,0.0,0.0,0.0,0.0,0.0,0.0,0.0,0.0,0.0,1.6,0.0,0.0,19.6166666666667,1.6,4.893797790994045
20_01_12,ARI,Carl Soderberg,C,12.183333333333,0,0,0,2,0.16,3.9833333333333,0.0,0.0,1.0,0.0,0.05,0.0,0.0,0.0,0.0,0.0,0.0,3.2,1.6,0.0,16.1666666666663,4.800000000000001,17.81443298969113
20_01_12,VAN,Alexander Edler,D,13.75,0,0,1,2,0.04,0.48333333333333,0.0,0.0,0.0,1.0,0.03,4.8666666666667,0.0,0.0,0.0,1.0,0.0,4.800000000000001,1.6,1.6,19.10000000000003,8.0,25.13089005235598
20_01_12,PIT,Jack Johnson,D,19.833333333333,0,0,2,1,0.08,0.05,0.0,0.0,0.0,0.0,0.0,4.3333333333333,0.0,0.0,0.0,1.0,0.0,4.800000000000001,0.0,1.6,24.216666666666303,6.4,15.856847900894941
20_01_12,DET,Justin Abdelkader,L,12.1,0,0,1,0,0.17,0.0,0.0,0.0,0.0,0.0,0.0,0.76666666666667,0.0,0.0,0.0,0.0,0.0,1.6,0.0,0.0,12.866666666666669,1.6,7.461139896373056
20_01_12,PIT,Kris Letang,D,21.083333333333,0,0,0,2,0.04,4.0833333333333,0.0,0.0,2.0,0.0,0.08,4.45,0.0,0.0,0.0,0.0,0.0,3.2,3.2,0.0,29.6166666666663,6.4,12.965672481710909
20_01_12,FLA,Keith Yandle,D,17.35,0,0,0,0,0.0,1.6166666666667,0.0,0.0,0.0,0.0,0.03,0.0,0.0,0.0,0.0,0.0,0.0,0.0,0.0,0.0,18.9666666666667,0.0,0.0
20_01_12,DET,Darren Helm,L,14.15,0,0,1,0,0.01,0.21666666666667,0.0,0.0,0.0,0.0,0.0,1.8333333333333,0.0,0.0,0.0,0.0,0.0,1.6,0.0,0.0,16.19999999999997,1.6,5.925925925925937
20_01_12,FLA,Anton Stralman,D,16.7,0,0,1,0,0.03,0.0,0.0,0.0,0.0,0.0,0.0,3.2666666666667,0.0,0.0,0.0,1.0,0.0,1.6,0.0,1.6,19.9666666666667,3.2,9.616026711185294
20_01_12,PIT,Patric Hornqvist,R,14.166666666667,0,0,2,0,0.18,3.05,1.0,0.0,1.0,0.0,0.12,0.0,0.0,0.0,0.0,0.0,0.0,3.2,14.1,0.0,17.216666666667,17.3,60.29041626330959
20_01_12,DET,Alex Biega,D,15.716666666667,0,0,3,1,0.12,0.0,0.0,0.0,0.0,0.0,0.0,0.76666666666667,0.0,0.0,0.0,0.0,0.0,6.4,0.0,0.0,16.483333333333672,6.4,23.296258847320047
20_01_12,BUF,Kyle Okposo,R,13.233333333333,0,0,1,1,0.03,1.35,0.0,0.0,0.0,0.0,0.0,0.0,0.0,0.0,0.0,0.0,0.0,3.2,0.0,0.0,14.583333333333,3.2,13.165714285714587
20_01_12,ARI,Phil Kessel,R,13.6,0,0,3,0,0.2,4.2166666666667,0.0,0.0,0.0,0.0,0.0,0.0,0.0,0.0,0.0,0.0,0.0,4.800000000000001,0.0,0.0,17.8166666666667,4.800000000000001,16.164639850327383
20_01_12,WPG,Mathieu Perreault,L,11.566666666667,0,0,0,0,0.0,1.1666666666667,0.0,0.0,0.0,0.0,0.0,0.0,0.0,0.0,0.0,0.0,0.0,0.0,0.0,0.0,12.7333333333337,0.0,0.0
20_01_12,T.B,Alex Killorn,L,12.166666666667,0,0,1,0,0.01,2.9333333333333,0.0,0.0,0.0,0.0,0.0,3.3,0.0,0.0,0.0,0.0,0.05,1.6,0.0,0.0,18.4000000000003,1.6,5.217391304347741
20_01_12,NSH,Nick Bonino,C,14.566666666667,0,0,0,3,0.01,0.1,0.0,0.0,0.0,0.0,0.0,1.5833333333333,0.0,0.0,0.0,1.0,0.0,4.800000000000001,0.0,1.6,16.2500000000003,6.4,23.6307692307688
20_01_12,T.B,Kevin Shattenkirk,D,17.216666666667,0,0,2,4,0.04,1.0666666666667,0.0,0.0,0.0,0.0,0.0,0.21666666666667,0.0,0.0,0.0,0.0,0.0,9.600000000000001,0.0,0.0,18.500000000000366,9.600000000000001,31.135135135134526
20_01_12,N.J,P.K. Subban,D,16.983333333333,0,0,1,0,0.01,5.75,0.0,0.0,1.0,0.0,0.04,1.85,0.0,0.0,0.0,0.0,0.0,1.6,1.6,0.0,24.583333333333,3.2,7.810169491525529
20_01_12,NSH,Yannick Weber,D,19.583333333333,0,0,1,1,0.08,0.1,0.0,0.0,0.0,0.0,0.0,0.58333333333333,0.0,0.0,0.0,0.0,0.0,3.2,0.0,0.0,20.26666666666633,3.2,9.473684210526473
20_01_12,FLA,Evgenii Dadonov,R,13.6,0,0,1,0,0.12,1.6166666666667,0.0,1.0,0.0,0.0,0.0,0.0,0.0,0.0,0.0,0.0,0.0,1.6,8.5,0.0,15.2166666666667,10.1,39.82475355969323
20_01_12,ARI,Jason Demers,D,15.483333333333,0,0,1,2,0.01,0.0,0.0,0.0,0.0,0.0,0.0,2.2666666666667,0.0,0.0,0.0,1.0,0.0,4.800000000000001,0.0,1.6,17.7499999999997,6.4,21.633802816901774
20_01_12,VAN,Jay Beagle,C,9.8333333333333,0,0,0,1,0.03,0.0,0.0,0.0,0.0,0.0,0.0,4.55,0.0,0.0,1.0,0.0,0.04,1.6,0.0,1.6,14.3833333333333,3.2,13.348783314020888
20_01_12,T.B,Steven Stamkos,C,15.8,0,0,2,1,0.37,2.9333333333333,0.0,0.0,2.0,0.0,0.11,0.41666666666667,0.0,0.0,0.0,0.0,0.0,4.800000000000001,3.2,0.0,19.14999999999997,8.0,25.06527415143607
20_01_12,VAN,Tyler Myers,D,15.833333333333,0,0,1,2,0.02,3.9,0.0,0.0,0.0,0.0,0.0,1.1333333333333,0.0,0.0,0.0,0.0,0.0,4.800000000000001,0.0,0.0,20.8666666666663,4.800000000000001,13.801916932907593
20_01_12,NSH,Roman Josi,D,25.116666666667,0,0,2,3,0.08,1.15,0.0,0.0,0.0,0.0,0.0,1.1166666666667,0.0,0.0,0.0,0.0,0.0,8.0,0.0,0.0,27.3833333333337,8.0,17.52891052951894
20_01_12,MIN,Greg Pateryn,D,8.6333333333333,0,0,0,0,0.02,0.0,0.0,0.0,0.0,0.0,0.0,3.8166666666667,0.0,0.0,0.0,1.0,0.0,0.0,0.0,1.6,12.450000000000001,1.6,7.710843373493975
20_01_12,MIN,Jared Spurgeon,D,15.233333333333,0,0,0,0,0.0,3.0,0.0,0.0,0.0,0.0,0.0,5.7166666666667,0.0,0.0,0.0,0.0,0.0,0.0,0.0,0.0,23.9499999999997,0.0,0.0
20_01_12,VAN,Antoine Roussel,L,11.583333333333,0,0,0,2,0.01,3.7166666666667,0.0,0.0,0.0,0.0,0.0,0.43333333333333,0.0,0.0,0.0,0.0,0.0,3.2,0.0,0.0,15.73333333333303,3.2,12.20338983050871
20_01_12,DET,Brian Lashoff,D,14.55,0,0,1,0,0.04,0.0,0.0,0.0,0.0,0.0,0.0,1.4666666666667,0.0,0.0,0.0,0.0,0.0,1.6,0.0,0.0,16.0166666666667,1.6,5.993756503642027
20_01_12,BUF,Marcus Johansson,L,13.066666666667,0,0,0,0,0.0,4.3833333333333,0.0,0.0,1.0,0.0,0.09,0.0,0.0,0.0,0.0,0.0,0.0,0.0,1.6,0.0,17.4500000000003,1.6,5.5014326647563525
20_01_12,NSH,Matt Duchene,C,15.666666666667,0,0,3,0,0.28,1.05,0.0,0.0,0.0,0.0,0.09,0.0,0.0,0.0,0.0,0.0,0.0,4.800000000000001,0.0,0.0,16.716666666667,4.800000000000001,17.228315054835154
20_01_12,ARI,Oliver Ekman-Larsson,D,15.933333333333,0,0,2,0,0.29,4.0,0.0,0.0,0.0,0.0,0.0,1.5166666666667,0.0,0.0,0.0,0.0,0.0,3.2,0.0,0.0,21.4499999999997,3.2,8.951048951049076
20_01_12,WPG,Dmitry Kulikov,D,22.15,0,0,3,0,0.07,0.0,0.0,0.0,0.0,0.0,0.0,0.0,0.0,0.0,0.0,0.0,0.0,4.800000000000001,0.0,0.0,22.15,4.800000000000001,13.002257336343119
20_01_12,NSH,Mattias Ekholm,D,22.433333333333,0,0,1,0,0.03,0.85,0.0,0.0,0.0,0.0,0.0,2.5333333333333,0.0,0.0,0.0,0.0,0.0,1.6,0.0,0.0,25.8166666666663,1.6,3.7185280826340104
20_01_12,N.J,Sami Vatanen,D,14.7,0,0,0,1,0.0,2.2166666666667,0.0,0.0,1.0,0.0,0.03,1.7166666666667,0.0,0.0,0.0,0.0,0.0,1.6,1.6,0.0,18.6333333333334,3.2,10.304114490160966
20_01_12,NSH,Craig Smith,R,12.3,0,0,0,0,0.11,0.85,0.0,0.0,1.0,0.0,0.05,0.0,0.0,0.0,0.0,0.0,0.0,0.0,1.6,0.0,13.15,1.6,7.300380228136882
20_01_12,WPG,Gabriel Bourque,L,5.7333333333333,0,0,0,1,0.08,0.0,0.0,0.0,0.0,0.0,0.0,0.0,0.0,0.0,0.0,0.0,0.0,1.6,0.0,0.0,5.7333333333333,1.6,16.74418604651173
20_01_12,PIT,Andrew Agozzino,L,5.7,0,0,1,1,0.03,1.1166666666667,0.0,0.0,2.0,0.0,0.35,0.0,0.0,0.0,0.0,0.0,0.0,3.2,3.2,0.0,6.8166666666667,6.4,56.33251833740804
20_01_12,MIN,Mats Zuccarello,R,10.966666666667,0,0,1,0,0.06,4.3,0.0,0.0,1.0,0.0,0.11,0.0,0.0,0.0,0.0,0.0,0.0,1.6,1.6,0.0,15.266666666667,3.2,12.576419213973525
20_01_12,NSH,Calle Jarnkrok,C,15.1,0,0,4,2,0.3,1.05,0.0,0.0,1.0,0.0,0.05,1.5833333333333,0.0,0.0,0.0,0.0,0.0,9.600000000000001,1.6,0.0,17.7333333333333,11.200000000000001,37.89473684210534
20_01_12,TOR,Martin Marincin,D,16.4,0,0,1,1,0.02,0.0,0.0,0.0,0.0,0.0,0.0,1.5833333333333,0.0,0.0,0.0,0.0,0.0,3.2,0.0,0.0,17.9833333333333,3.2,10.676552363299374
20_01_12,TOR,Justin Holl,D,17.883333333333,0,0,2,0,0.07,0.0,0.0,0.0,0.0,0.0,0.0,1.2,0.0,0.0,0.0,0.0,0.0,3.2,0.0,0.0,19.083333333332998,3.2,10.061135371179217
20_01_12,MIN,Jason Zucker,L,12.683333333333,0,0,1,0,0.22,3.0,0.0,0.0,0.0,0.0,0.0,0.51666666666667,0.0,0.0,0.0,0.0,0.0,1.6,0.0,0.0,16.19999999999967,1.6,5.925925925926047
20_01_12,BUF,Johan Larsson,C,12.85,0,0,1,1,0.27,0.0,0.0,0.0,0.0,0.0,0.0,2.8333333333333,0.0,0.0,0.0,1.0,0.0,3.2,0.0,1.6,15.6833333333333,4.800000000000001,18.36344314558984
20_01_12,DET,Patrik Nemeth,D,17.966666666667,0,0,1,0,0.15,0.16666666666667,0.0,0.0,0.0,0.0,0.0,4.5166666666667,0.0,0.0,0.0,2.0,0.0,1.6,0.0,3.2,22.65000000000037,4.800000000000001,12.715231788079263
20_01_12,NSH,Ryan Johansen,C,13.15,0,0,0,0,0.0,1.05,0.0,0.0,1.0,0.0,0.15,1.5,0.0,0.0,0.0,0.0,0.0,0.0,1.6,0.0,15.700000000000001,1.6,6.114649681528663
20_01_12,NSH,Jarred Tinordi,D,12.75,0,0,1,1,0.01,0.0,0.0,0.0,0.0,0.0,0.0,1.4666666666667,0.0,0.0,0.0,0.0,0.0,3.2,0.0,0.0,14.2166666666667,3.2,13.50527549824147
20_01_12,NSH,Mikael Granlund,C,16.75,0,0,0,3,0.0,0.85,0.0,0.0,0.0,0.0,0.0,0.91666666666667,0.0,0.0,0.0,0.0,0.0,4.800000000000001,0.0,0.0,18.516666666666673,4.800000000000001,15.55355535553555
20_01_12,PIT,Bryan Rust,R,16.466666666667,0,0,2,0,0.3,4.0333333333333,0.0,1.0,1.0,0.0,0.25,3.4833333333333,0.0,0.0,0.0,0.0,0.0,3.2,10.1,0.0,23.983333333333597,13.3,33.273106323835634
20_01_12,WPG,Anthony Bitetto,D,14.333333333333,0,0,1,2,0.02,0.0,0.0,0.0,0.0,0.0,0.0,1.2833333333333,0.0,0.0,0.0,0.0,0.0,4.800000000000001,0.0,0.0,15.6166666666663,4.800000000000001,18.441835645678132
20_01_12,NSH,Colin Blackwell,C,11.3,0,0,2,0,0.09,0.1,0.0,0.0,0.0,0.0,0.0,0.0,0.0,0.0,0.0,0.0,0.0,3.2,0.0,0.0,11.4,3.2,16.842105263157894
20_01_12,T.B,Ondrej Palat,L,11.833333333333,0,0,1,2,0.09,1.0666666666667,0.0,0.0,0.0,0.0,0.0,0.95,0.0,0.0,0.0,0.0,0.0,4.800000000000001,0.0,0.0,13.8499999999997,4.800000000000001,20.794223826715257
20_01_12,BUF,Scott Wilson,L,14.95,0,0,2,0,0.06,0.066666666666667,0.0,0.0,0.0,0.0,0.0,0.0,0.0,0.0,0.0,0.0,0.0,3.2,0.0,0.0,15.016666666666666,3.2,12.785793562708104
20_01_12,WPG,Adam Lowry,C,11.316666666667,0,0,0,0,0.0,0.0,0.0,0.0,0.0,0.0,0.0,1.2833333333333,0.0,0.0,0.0,0.0,0.0,0.0,0.0,0.0,12.6000000000003,0.0,0.0
20_01_12,N.J,Blake Coleman,C,15.033333333333,0,0,1,1,0.15,0.0,0.0,0.0,0.0,0.0,0.0,2.65,0.0,0.0,0.0,1.0,0.0,3.2,0.0,1.6,17.683333333333,4.800000000000001,16.286522148916426
20_01_12,WPG,Nick Shore,C,6.15,0,0,0,0,0.0,0.0,0.0,0.0,0.0,0.0,0.0,0.0,0.0,0.0,0.0,0.0,0.0,0.0,0.0,0.0,6.15,0.0,0.0
20_01_12,NSH,Rocco Grimaldi,R,14.166666666667,0,0,2,0,0.29,0.1,0.0,0.0,0.0,0.0,0.0,0.0,0.0,0.0,0.0,0.0,0.0,3.2,0.0,0.0,14.266666666667,3.2,13.457943925233332
20_01_12,T.B,Nikita Kucherov,R,17.466666666667,0,0,5,1,0.84,2.9333333333333,0.0,0.0,0.0,0.0,0.12,0.0,0.0,0.0,0.0,0.0,0.0,9.6,0.0,0.0,20.400000000000297,9.6,28.235294117646646
20_01_12,WPG,Mark Scheifele,C,19.566666666667,0,0,1,0,0.44,2.8333333333333,0.0,0.0,0.0,0.0,0.11,0.1,0.0,0.0,0.0,0.0,0.0,1.6,0.0,0.0,22.500000000000302,1.6,4.26666666666661
20_01_12,DET,Luke Glendening,C,13.183333333333,0,0,1,1,0.23,0.16666666666667,0.0,0.0,0.0,0.0,0.0,3.85,0.0,0.0,0.0,2.0,0.0,3.2,0.0,3.2,17.19999999999967,6.4,22.32558139534927
20_01_12,T.B,Yanni Gourde,C,9.55,0,0,0,0,0.0,0.0,0.0,0.0,0.0,0.0,0.0,1.1666666666667,0.0,0.0,0.0,0.0,0.0,0.0,0.0,0.0,10.7166666666667,0.0,0.0
20_01_12,PIT,Alex Galchenyuk,C,6.5666666666667,0,0,0,0,0.0,3.6666666666667,0.0,1.0,0.0,0.0,0.0,0.0,0.0,0.0,0.0,0.0,0.0,0.0,8.5,0.0,10.2333333333334,8.5,49.837133550488275
20_01_12,MIN,Matt Dumba,D,18.066666666667,0,0,2,2,0.12,4.3333333333333,0.0,0.0,3.0,0.0,0.23,0.26666666666667,0.0,0.0,0.0,0.0,0.0,6.4,4.800000000000001,0.0,22.66666666666697,11.200000000000001,29.647058823529015
20_01_12,BUF,Zemgus Girgensons,C,10.95,0,0,0,0,0.0,0.0,0.0,0.0,0.0,0.0,0.0,2.8333333333333,1.0,0.0,2.0,0.0,0.29,0.0,0.0,17.2,13.7833333333333,17.2,74.87303506650562
20_01_12,TOR,Cody Ceci,D,17.083333333333,0,0,2,0,0.32,0.3,0.0,0.0,0.0,0.0,0.0,0.38333333333333,0.0,0.0,0.0,0.0,0.0,3.2,0.0,0.0,17.76666666666633,3.2,10.806754221388573
20_01_12,NSH,Filip Forsberg,L,13.683333333333,0,0,1,1,0.11,0.85,0.0,0.0,0.0,0.0,0.0,0.91666666666667,0.0,0.0,0.0,0.0,0.0,3.2,0.0,0.0,15.449999999999669,3.2,12.427184466019684
20_01_12,PIT,Teddy Blueger,C,15.05,0,0,2,0,0.31,0.05,0.0,0.0,0.0,0.0,0.0,4.3833333333333,0.0,0.0,3.0,0.0,0.59,3.2,0.0,4.800000000000001,19.483333333333302,8.0,24.63644140290851
20_01_12,BUF,Jake McCabe,D,13.95,0,0,1,0,0.03,0.0,0.0,0.0,0.0,0.0,0.0,1.55,0.0,0.0,0.0,0.0,0.0,1.6,0.0,0.0,15.5,1.6,6.193548387096774
20_01_12,N.J,Connor Carrick,D,12.816666666667,0,0,0,1,0.0,0.033333333333333,0.0,0.0,0.0,0.0,0.0,1.0666666666667,0.0,0.0,0.0,0.0,0.0,1.6,0.0,0.0,13.916666666667034,1.6,6.898203592814189
20_01_12,T.B,Cedric Paquette,C,8.95,0,0,0,0,0.1,0.0,0.0,0.0,0.0,0.0,0.0,2.7666666666667,0.0,0.0,0.0,0.0,0.0,0.0,0.0,0.0,11.716666666666699,0.0,0.0
20_01_12,ARI,Vinnie Hinostroza,R,10.733333333333,0,0,3,0,0.11,0.0,0.0,0.0,0.0,0.0,0.0,1.8333333333333,0.0,0.0,0.0,0.0,0.0,4.800000000000001,0.0,0.0,12.5666666666663,4.800000000000001,22.917771883289795
20_01_12,VAN,Tim Schaller,C,6.65,0,0,1,0,0.02,0.066666666666667,0.0,0.0,0.0,0.0,0.0,3.0166666666667,0.0,0.0,0.0,0.0,0.0,1.6,0.0,0.0,9.733333333333368,1.6,9.863013698630104
20_01_12,TOR,Andreas Johnsson,L,10.3,0,0,2,0,0.09,0.0,0.0,0.0,0.0,0.0,0.0,0.8,0.0,0.0,0.0,0.0,0.0,3.2,0.0,0.0,11.100000000000001,3.2,17.2972972972973
20_01_12,VAN,Tyler Motte,C,7.1833333333333,0,0,0,1,0.0,0.0,0.0,0.0,0.0,0.0,0.0,1.6,0.0,0.0,0.0,0.0,0.0,1.6,0.0,0.0,8.7833333333333,1.6,10.929791271347291
20_01_12,N.J,Will Butcher,D,12.0,0,0,0,0,0.07,5.5333333333333,0.0,0.0,2.0,0.0,0.1,0.0,0.0,0.0,0.0,0.0,0.0,0.0,3.2,0.0,17.5333333333333,3.2,10.950570342205346
20_01_12,WPG,Tucker Poolman,D,2.3,0,0,0,0,0.0,0.0,0.0,0.0,0.0,0.0,0.0,1.3833333333333,0.0,0.0,0.0,0.0,0.0,0.0,0.0,0.0,3.6833333333333,0.0,0.0
20_01_12,MIN,Carson Soucy,D,9.7833333333333,0,0,2,1,0.14,0.0,0.0,0.0,0.0,0.0,0.0,3.8833333333333,0.0,0.0,0.0,0.0,0.0,4.800000000000001,0.0,0.0,13.6666666666666,4.800000000000001,21.07317073170742
20_01_12,N.J,John Hayden,C,9.3666666666667,0,0,0,0,0.0,0.033333333333333,0.0,0.0,0.0,0.0,0.0,0.0,0.0,0.0,0.0,0.0,0.0,0.0,0.0,0.0,9.400000000000032,0.0,0.0
20_01_12,T.B,Carter Verhaeghe,C,6.9,0,0,1,0,0.08,0.0,0.0,0.0,0.0,0.0,0.0,0.0,0.0,0.0,0.0,0.0,0.0,1.6,0.0,0.0,6.9,1.6,13.91304347826087
20_01_12,WPG,Andrew Copp,C,12.433333333333,0,0,0,0,0.07,1.1666666666667,0.0,0.0,0.0,0.0,0.0,1.2833333333333,0.0,0.0,1.0,0.0,0.09,0.0,0.0,1.6,14.883333333332999,1.6,6.4501679731244455
20_01_12,MIN,Ryan Hartman,R,9.0666666666667,0,0,1,0,0.12,0.0,0.0,0.0,0.0,0.0,0.0,2.0,0.0,0.0,0.0,0.0,0.0,1.6,0.0,0.0,11.0666666666667,1.6,8.674698795180698
20_01_12,DET,Adam Erne,L,10.083333333333,0,0,0,0,0.11,0.0,0.0,0.0,0.0,0.0,0.0,0.0,0.0,0.0,0.0,0.0,0.0,0.0,0.0,0.0,10.083333333333,0.0,0.0
20_01_12,DET,Tyler Bertuzzi,L,13.633333333333,0,0,0,0,0.0,4.0166666666667,0.0,0.0,0.0,0.0,0.0,0.0,0.0,0.0,0.0,0.0,0.0,0.0,0.0,0.0,17.6499999999997,0.0,0.0
20_01_12,BUF,Rasmus Ristolainen,D,13.683333333333,0,0,0,1,0.0,4.6333333333333,1.0,0.0,2.0,0.0,0.5,1.6833333333333,0.0,0.0,0.0,0.0,0.0,1.6,15.7,0.0,19.999999999999602,17.3,51.90000000000103
20_01_12,WPG,Josh Morrissey,D,22.633333333333,0,0,5,1,0.21,1.9,0.0,0.0,0.0,0.0,0.0,0.71666666666667,0.0,0.0,0.0,0.0,0.0,9.6,0.0,0.0,25.249999999999666,9.6,22.811881188119113
20_01_12,TOR,Frederik Gauthier,C,8.9333333333333,0,0,0,0,0.0,0.0,0.0,0.0,0.0,0.0,0.0,0.0,0.0,0.0,0.0,0.0,0.0,0.0,0.0,0.0,8.9333333333333,0.0,0.0
20_01_12,ARI,Jordan Oesterle,D,12.916666666667,0,0,0,2,0.0,0.9,0.0,0.0,0.0,0.0,0.0,0.16666666666667,0.0,0.0,0.0,0.0,0.0,3.2,0.0,0.0,13.98333333333367,3.2,13.730631704409682
20_01_12,FLA,Aaron Ekblad,D,18.5,0,0,0,1,0.03,0.76666666666667,0.0,0.0,0.0,0.0,0.0,2.0666666666667,0.0,0.0,0.0,0.0,0.0,1.6,0.0,0.0,21.33333333333337,1.6,4.499999999999992
20_01_12,BUF,Sam Reinhart,C,16.266666666667,0,0,0,0,0.0,4.3833333333333,0.0,0.0,0.0,0.0,0.06,0.2,0.0,0.0,0.0,0.0,0.0,0.0,0.0,0.0,20.8500000000003,0.0,0.0
20_01_12,VAN,Jake Virtanen,R,10.916666666667,0,0,2,0,0.15,3.75,0.0,0.0,1.0,0.0,0.04,0.0,0.0,0.0,0.0,0.0,0.0,3.2,1.6,0.0,14.666666666667,4.800000000000001,19.636363636363193
20_01_12,WPG,Nikolaj Ehlers,L,19.066666666667,0,0,3,1,0.24,1.1666666666667,0.0,0.0,0.0,0.0,0.0,0.0,0.0,0.0,0.0,0.0,0.0,6.4,0.0,0.0,20.2333333333337,6.4,18.978583196045783
20_01_12,MIN,Kevin Fiala,L,12.716666666667,0,0,0,0,0.0,1.55,0.0,0.0,0.0,0.0,0.0,0.0,0.0,0.0,0.0,0.0,0.0,0.0,0.0,0.0,14.266666666667001,0.0,0.0
20_01_12,ARI,Nick Schmaltz,C,14.083333333333,0,0,0,0,0.0,3.7833333333333,0.0,0.0,0.0,0.0,0.0,0.0,0.0,0.0,0.0,0.0,0.0,0.0,0.0,0.0,17.8666666666663,0.0,0.0
20_01_12,PIT,Jared McCann,C,14.183333333333,0,0,4,1,0.33,1.4166666666667,1.0,0.0,1.0,0.0,0.18,0.61666666666667,0.0,0.0,0.0,0.0,0.0,8.0,14.1,0.0,16.21666666666637,22.1,81.76772867420499
20_01_12,PIT,Marcus Pettersson,D,16.733333333333,0,0,0,0,0.01,0.78333333333333,0.0,0.0,0.0,0.0,0.0,2.7,0.0,0.0,1.0,0.0,0.0,0.0,0.0,1.6,20.21666666666633,1.6,4.748557295960508
20_01_12,BUF,Brandon Montour,D,14.716666666667,0,0,0,1,0.03,1.2833333333333,0.0,1.0,0.0,0.0,0.0,1.9,0.0,0.0,0.0,0.0,0.0,1.6,8.5,0.0,17.9000000000003,10.1,33.85474860335138
20_01_12,MIN,Ryan Donato,C,8.3666666666667,0,0,1,0,0.26,1.1833333333333,0.0,0.0,0.0,0.0,0.0,0.0,0.0,0.0,0.0,0.0,0.0,1.6,0.0,0.0,9.549999999999999,1.6,10.05235602094241
20_01_12,T.B,Brayden Point,C,16.716666666667,0,0,1,0,0.1,2.9333333333333,0.0,0.0,0.0,0.0,0.0,0.0,0.0,0.0,0.0,0.0,0.0,1.6,0.0,0.0,19.650000000000297,1.6,4.885496183206033
20_01_12,DET,Christoffer Ehn,C,10.3,0,0,2,1,0.16,0.0,0.0,0.0,0.0,0.0,0.0,0.0,0.0,0.0,0.0,0.0,0.0,4.800000000000001,0.0,0.0,10.3,4.800000000000001,27.96116504854369
20_01_12,NSH,Viktor Arvidsson,R,13.65,0,0,2,0,0.11,1.05,0.0,0.0,1.0,0.0,0.09,1.5,0.0,0.0,0.0,0.0,0.0,3.2,1.6,0.0,16.200000000000003,4.800000000000001,17.77777777777778
20_01_12,PIT,Sam Lafferty,C,5.2666666666667,0,0,0,0,0.0,0.0,0.0,0.0,0.0,0.0,0.0,0.0,0.0,0.0,0.0,0.0,0.0,0.0,0.0,0.0,5.2666666666667,0.0,0.0
20_01_12,TOR,Pierre Engvall,L,14.033333333333,0,0,0,0,0.1,0.0,0.0,0.0,0.0,0.0,0.0,0.41666666666667,0.0,0.0,0.0,0.0,0.0,0.0,0.0,0.0,14.449999999999669,0.0,0.0
20_01_12,WPG,Kyle Connor,L,17.833333333333,0,0,1,0,0.16,2.8333333333333,0.0,0.0,0.0,0.0,0.13,0.71666666666667,0.0,0.0,0.0,0.0,0.0,1.6,0.0,0.0,21.38333333333297,1.6,4.489477786438112
20_01_12,N.J,Pavel Zacha,C,12.283333333333,0,0,0,0,0.0,5.25,0.0,0.0,0.0,0.0,0.04,1.05,0.0,0.0,0.0,0.0,0.0,0.0,0.0,0.0,18.583333333332998,0.0,0.0
20_01_12,BUF,Jack Eichel,C,16.316666666667,0,0,3,0,0.23,4.7,0.0,1.0,1.0,0.0,0.07,0.2,0.0,0.0,0.0,0.0,0.0,4.800000000000001,10.1,0.0,21.216666666667,14.9,42.136684996071615
20_01_12,TOR,Travis Dermott,D,18.4,0,0,1,0,0.04,0.0,0.0,0.0,0.0,0.0,0.0,0.8,0.0,0.0,1.0,0.0,0.0,1.6,0.0,1.6,19.2,3.2,10.000000000000002
20_01_12,MIN,Jordan Greenway,L,10.266666666667,0,0,1,0,0.11,0.0,0.0,0.0,0.0,0.0,0.0,1.95,0.0,0.0,0.0,0.0,0.0,1.6,0.0,0.0,12.216666666666999,1.6,7.858117326057085
20_01_12,T.B,Erik Cernak,D,13.2,0,0,3,0,0.21,0.0,0.0,0.0,0.0,0.0,0.0,3.5333333333333,0.0,0.0,0.0,0.0,0.0,4.800000000000001,0.0,0.0,16.7333333333333,4.800000000000001,17.211155378486094
20_01_12,ARI,Christian Fischer,R,6.6166666666667,0,0,1,0,0.06,0.0,0.0,0.0,0.0,0.0,0.0,0.0,0.0,0.0,0.0,0.0,0.0,1.6,0.0,0.0,6.6166666666667,1.6,14.50881612090673
20_01_12,VAN,Brock Boeser,R,11.233333333333,0,0,1,1,0.09,5.9833333333333,0.0,0.0,0.0,0.0,0.0,0.0,0.0,0.0,0.0,0.0,0.0,3.2,0.0,0.0,17.2166666666663,3.2,11.151984511132863
20_01_12,WPG,Jack Roslovic,C,17.333333333333,0,0,0,1,0.03,1.1666666666667,0.0,0.0,1.0,0.0,0.05,0.0,0.0,0.0,0.0,0.0,0.0,1.6,1.6,0.0,18.4999999999997,3.2,10.378378378378548
20_01_12,ARI,Lawson Crouse,L,13.666666666667,0,0,2,1,0.23,0.0,0.0,0.0,0.0,0.0,0.0,1.9333333333333,0.0,0.0,0.0,0.0,0.0,4.800000000000001,0.0,0.0,15.6000000000003,4.800000000000001,18.461538461538108
20_01_12,T.B,Mitchell Stephens,C,8.3833333333333,0,0,1,0,0.02,0.0,0.0,0.0,0.0,0.0,0.0,3.5166666666667,0.0,0.0,0.0,1.0,0.0,1.6,0.0,1.6,11.9,3.2,16.134453781512605
20_01_12,MIN,Joel Eriksson Ek,C,10.283333333333,0,0,0,1,0.0,0.0,0.0,0.0,0.0,0.0,0.0,4.2666666666667,0.0,0.0,0.0,0.0,0.0,1.6,0.0,0.0,14.549999999999699,1.6,6.597938144330034
20_01_12,PIT,John Marino,D,16.983333333333,0,0,0,1,0.01,1.3166666666667,0.0,0.0,0.0,0.0,0.0,3.55,0.0,0.0,0.0,0.0,0.0,1.6,0.0,0.0,21.8499999999997,1.6,4.393592677345598
20_01_12,T.B,Anthony Cirelli,C,15.35,0,0,1,0,0.11,1.0666666666667,0.0,0.0,0.0,0.0,0.0,3.8833333333333,0.0,0.0,1.0,0.0,0.03,1.6,0.0,1.6,20.3,3.2,9.458128078817735
20_01_12,FLA,Noel Acciari,C,15.333333333333,0,0,0,2,0.0,0.0,0.0,0.0,0.0,0.0,0.0,2.0333333333333,0.0,0.0,0.0,0.0,0.0,3.2,0.0,0.0,17.3666666666663,3.2,11.055662188100042
20_01_12,NSH,Alexandre Carrier,D,12.05,0,0,1,0,0.01,0.0,0.0,0.0,0.0,0.0,0.0,0.0,0.0,0.0,0.0,0.0,0.0,1.6,0.0,0.0,12.05,1.6,7.966804979253112
20_01_12,PIT,Dominik Simon,C,14.7,0,0,0,0,0.26,0.0,0.0,0.0,0.0,0.0,0.0,0.0,0.0,0.0,0.0,0.0,0.0,0.0,0.0,0.0,14.7,0.0,0.0
20_01_12,VAN,Adam Gaudette,C,10.35,0,0,0,0,0.0,3.5333333333333,0.0,0.0,0.0,0.0,0.0,0.0,0.0,0.0,0.0,0.0,0.0,0.0,0.0,0.0,13.883333333333299,0.0,0.0
20_01_12,WPG,Mason Appleton,C,7.2166666666667,0,0,0,1,0.07,0.0,0.0,0.0,0.0,0.0,0.0,0.61666666666667,0.0,0.0,0.0,0.0,0.0,1.6,0.0,0.0,7.8333333333333695,1.6,12.255319148936115
20_01_12,WPG,Sami Niku,D,21.833333333333,0,0,1,2,0.03,0.0,0.0,0.0,0.0,0.0,0.0,0.0,0.0,0.0,0.0,0.0,0.0,4.800000000000001,0.0,0.0,21.833333333333,4.800000000000001,13.190839694656692
20_01_12,TOR,Adam Brooks,C,9.8,0,0,0,0,0.0,0.0,0.0,0.0,0.0,0.0,0.0,0.0,0.0,0.0,0.0,0.0,0.0,0.0,0.0,0.0,9.8,0.0,0.0
20_01_12,N.J,Kevin Rooney,C,8.7833333333333,0,0,0,2,0.0,0.033333333333333,0.0,0.0,0.0,0.0,0.0,1.0833333333333,0.0,0.0,0.0,2.0,0.0,3.2,0.0,3.2,9.899999999999933,6.4,38.78787878787905
20_01_12,TOR,Auston Matthews,C,16.35,0,0,6,0,0.45,2.6333333333333,0.0,0.0,0.0,0.0,0.0,0.1,0.0,0.0,0.0,0.0,0.0,9.600000000000001,0.0,0.0,19.083333333333304,9.600000000000001,30.183406113537174
20_01_12,WPG,Patrik Laine,R,18.133333333333,0,0,3,1,0.13,2.8333333333333,0.0,0.0,2.0,0.0,0.15,0.0,0.0,0.0,0.0,0.0,0.0,6.4,3.2,0.0,20.9666666666663,9.600000000000001,27.47217806041384
20_01_12,ARI,Clayton Keller,R,12.95,0,0,2,0,0.06,4.4,0.0,0.0,0.0,0.0,0.0,0.0,0.0,0.0,0.0,0.0,0.0,3.2,0.0,0.0,17.35,3.2,11.066282420749278
20_01_12,ARI,Jakob Chychrun,D,20.233333333333,0,0,0,1,0.04,3.5,0.0,0.0,1.0,0.0,0.02,1.7666666666667,0.0,0.0,0.0,1.0,0.0,1.6,1.6,1.6,25.4999999999997,4.800000000000001,11.294117647058957
20_01_12,DET,Givani Smith,R,9.9166666666667,0,0,1,0,0.07,1.7666666666667,0.0,0.0,1.0,0.0,0.15,0.0,0.0,0.0,0.0,0.0,0.0,1.6,1.6,0.0,11.6833333333334,3.2,16.4336661911554
20_01_12,N.J,Jesper Bratt,L,13.8,0,0,0,0,0.07,2.25,0.0,0.0,0.0,0.0,0.0,0.0,0.0,0.0,0.0,0.0,0.0,0.0,0.0,0.0,16.05,0.0,0.0
20_01_12,T.B,Mikhail Sergachev,D,14.45,0,0,1,0,0.07,1.0666666666667,0.0,0.0,0.0,0.0,0.0,3.15,0.0,0.0,0.0,0.0,0.0,1.6,0.0,0.0,18.6666666666667,1.6,5.1428571428571335
20_01_12,DET,Filip Hronek,D,14.733333333333,0,0,0,0,0.0,4.2666666666667,0.0,0.0,0.0,0.0,0.0,4.5166666666667,0.0,0.0,0.0,0.0,0.0,0.0,0.0,0.0,23.516666666666403,0.0,0.0
20_01_12,PIT,Zach Aston-Reese,C,12.266666666667,0,0,2,0,0.23,0.11666666666667,0.0,0.0,0.0,0.0,0.0,3.2833333333333,0.0,0.0,0.0,0.0,0.0,3.2,0.0,0.0,15.66666666666697,3.2,12.255319148935934
20_01_12,N.J,Nico Hischier,C,15.733333333333,0,0,1,1,0.02,2.4333333333333,0.0,0.0,1.0,0.0,0.1,0.0,0.0,0.0,0.0,0.0,0.0,3.2,1.6,0.0,18.166666666666302,4.800000000000001,15.853211009174633
20_01_12,N.J,Jesper Boqvist,C,9.0,0,0,0,0,0.0,0.033333333333333,0.0,0.0,0.0,0.0,0.0,0.3,0.0,0.0,0.0,0.0,0.0,0.0,0.0,0.0,9.333333333333334,0.0,0.0
20_01_12,VAN,Elias Pettersson,C,12.15,0,0,2,2,0.21,6.1166666666667,1.0,0.0,4.0,0.0,0.27,0.0,0.0,0.0,0.0,0.0,0.0,6.4,18.9,0.0,18.2666666666667,25.299999999999997,83.10218978102172
20_01_12,BUF,Henri Jokiharju,D,13.466666666667,0,0,1,1,0.01,1.35,0.0,1.0,0.0,0.0,0.0,1.0166666666667,0.0,0.0,0.0,0.0,0.0,3.2,8.5,0.0,15.8333333333337,11.7,44.33684210526213
20_01_12,WPG,Neal Pionk,D,22.416666666667,0,0,4,2,0.2,2.1,0.0,0.0,0.0,0.0,0.0,0.61666666666667,0.0,0.0,0.0,0.0,0.0,9.600000000000001,0.0,0.0,25.13333333333367,9.600000000000001,22.91777188328882
20_01_12,VAN,Oscar Fantenberg,D,12.566666666667,0,0,1,1,0.01,0.0,0.0,0.0,0.0,0.0,0.0,0.91666666666667,0.0,0.0,0.0,0.0,0.0,3.2,0.0,0.0,13.48333333333367,3.2,14.239802224968743
20_01_12,T.B,Jan Rutta,D,12.266666666667,0,0,0,0,0.1,0.0,0.0,0.0,0.0,0.0,0.0,4.25,0.0,0.0,0.0,1.0,0.0,0.0,0.0,1.6,16.516666666667,1.6,5.8123107971744545
20_01_12,T.B,Alexander Volkov,R,5.4166666666667,0,0,0,0,0.0,0.0,0.0,0.0,0.0,0.0,0.0,0.0,0.0,0.0,0.0,0.0,0.0,0.0,0.0,0.0,5.4166666666667,0.0,0.0
20_01_12,VAN,Quinn Hughes,D,17.45,0,0,0,0,0.0,6.2166666666667,0.0,1.0,2.0,0.0,0.1,0.0,0.0,0.0,0.0,0.0,0.0,0.0,11.7,0.0,23.6666666666667,11.7,29.661971830985873
20_01_12,DET,Filip Zadina,R,8.6333333333333,0,0,2,0,0.26,3.35,0.0,0.0,0.0,0.0,0.0,0.0,0.0,0.0,0.0,0.0,0.0,3.2,0.0,0.0,11.9833333333333,3.2,16.022253129346357
20_01_12,BUF,Rasmus Dahlin,D,13.633333333333,0,0,0,1,0.0,4.6333333333333,0.0,1.0,2.0,0.0,0.29,0.43333333333333,0.0,0.0,0.0,0.0,0.0,1.6,11.7,0.0,18.69999999999963,13.299999999999999,42.673796791444694
20_01_12,BUF,Lawrence Pilut,D,13.566666666667,0,0,2,0,0.01,0.066666666666667,0.0,0.0,0.0,0.0,0.0,3.4666666666667,0.0,0.0,0.0,1.0,0.0,3.2,0.0,1.6,17.100000000000367,4.800000000000001,16.842105263157535
20_01_12,PIT,Dominik Kahun,C,15.966666666667,0,0,3,2,0.25,1.1166666666667,0.0,0.0,0.0,0.0,0.0,0.016666666666667,0.0,0.0,0.0,0.0,0.0,8.0,0.0,0.0,17.100000000000367,8.0,28.070175438595886
